-- mail_imap_special_mailbox
INSERT IGNORE INTO `mail_imap_special_mailbox` (`server`, `name`, `folder_id`, `skip`) VALUES
  ('imap.gmx.com', 'Drafts', 3, 1),
  ('imap.gmx.com', 'OUTBOX', 2, 1),
  ('imap.gmx.com', 'Sent', 2, 0),
  ('imap.gmx.com', 'Spam', 5, 0),
  ('imap.gmx.com', 'Trash', 4, 1),
  ('imap.googlemail.com', '[Gmail]/Destacados', 0, 1),
  ('imap.googlemail.com', '[Gmail]/Enviados', 2, 0),
  ('imap.googlemail.com', '[Gmail]/Gesendet', 2, 0),
  ('imap.googlemail.com', '[Gmail]/Important', 0, 1),
  ('imap.googlemail.com', '[gmail]/sent mail', 2, 0),
  ('imap.googlemail.com', '[Gmail]/Wichtig', 0, 1),
  ('imap.googlemail.com', '[Gmail]/Важное', 0, 1),
  ('imap.googlemail.com', '[Gmail]/Отправленные', 2, 0),
  ('imap.mail.yahoo.com', 'Bulk Mail', 5, 0),
  ('imap.mail.yahoo.com', 'Draft', 3, 1),
  ('imap.mail.yahoo.com', 'Sent', 2, 0),
  ('imap.mail.yahoo.com', 'Trash', 4, 1),
  ('imap.rambler.ru', 'DraftBox', 3, 1),
  ('imap.rambler.ru', 'SentBox', 2, 0),
  ('imap.rambler.ru', 'Spam', 5, 0),
  ('imap.rambler.ru', 'Trash', 4, 1),
  ('imap.yandex.ru', 'исходящие', 0, 1),
  ('mail.rambler.ru', 'DraftBox', 3, 1),
  ('mail.rambler.ru', 'SentBox', 2, 0),
  ('mail.rambler.ru', 'Spam', 5, 0),
  ('mail.rambler.ru', 'Trash', 4, 1),
  ('secureimap.t-online.de', 'INBOX.Archive', 0, 1),
  ('secureimap.t-online.de', 'INBOX.Drafts', 3, 1),
  ('secureimap.t-online.de', 'INBOX.Sent', 2, 0),
  ('secureimap.t-online.de', 'INBOX.Trash', 4, 1);

-- mail_imap_flags
INSERT IGNORE INTO `mail_imap_flags` (`name`, `folder_id`, `skip`) VALUES
  ('all', 0, 1),
  ('archive', 0, 1),
  ('bulk', 5, 0),
  ('drafts', 0, 1),
  ('flagged', 0, 1),
  ('important', 0, 1),
  ('inbox', 1, 0),
  ('junk', 5, 0),
  ('noselect', 0, 1),
  ('sent', 2, 0),
  ('spam', 5, 0),
  ('trash', 0, 1);

-- mail_mailbox_provider
INSERT IGNORE INTO `mail_mailbox_provider` (`id`, `name`, `display_name`, `display_short_name`, `documentation`) VALUES
  (1, '1und1.de', '1&1', '1&1', 'http://hilfe-center.1und1.de/access/search/go.php?t=e698123'),
  (2, 'abc.plala.or.jp', 'ぷらら', 'ぷらら', NULL),
  (3, 'agate.plala.or.jp', 'ぷらら', 'ぷらら', NULL),
  (4, 'alice.it', 'Alice Italy', 'Alice', 'http://aiuto.alice.it/informazioni/clientemail/thunderbird.html'),
  (5, 'amail.plala.or.jp', 'ぷらら', 'ぷらら', NULL),
  (6, 'amber.plala.or.jp', 'ぷらら', 'ぷらら', NULL),
  (7, 'aol.com', 'AOL Mail', 'AOL', NULL),
  (8, 'apost.plala.or.jp', 'ぷらら', 'ぷらら', NULL),
  (9, 'aqua.plala.or.jp', 'ぷらら', 'ぷらら', NULL),
  (10, 'arcor.de', 'Arcor', 'Arcor', NULL),
  (11, 'arubapec.it', 'Aruba PEC', 'Aruba', 'http://pec.aruba.it/guide_filmate.asp'),
  (12, 'att.net', 'AT&T', 'AT&T', 'http://www.att.com/esupport/article.jsp?sid=KB401570&ct=9000152'),
  (13, 'ballade.plala.or.jp', 'ぷらら', 'ぷらら', NULL),
  (14, 'bay.wind.ne.jp', '群馬インターネット', 'wind', NULL),
  (15, 'bb-niigata.jp', 'ＢＢにいがた', 'BB-NIIGATA', NULL),
  (16, 'beige.plala.or.jp', 'ぷらら', 'ぷらら', NULL),
  (17, 'biglobe.ne.jp', 'Biglobe', 'Biglobe', NULL),
  (18, 'bigpond.com', 'Telstra Bigpond', 'Bigpond', NULL),
  (19, 'blue.plala.or.jp', 'ぷらら', 'ぷらら', NULL),
  (20, 'bluemail.ch', 'bluewin.ch', 'bluewin.ch', 'http://smtphelp.bluewin.ch/swisscomdtg/setup/?'),
  (21, 'bluewin.ch', 'bluewin.ch', 'bluewin.ch', 'http://smtphelp.bluewin.ch/swisscomdtg/setup/'),
  (22, 'bmail.plala.or.jp', 'ぷらら', 'ぷらら', NULL),
  (23, 'bolero.plala.or.jp', 'ぷらら', 'ぷらら', NULL),
  (24, 'bpost.plala.or.jp', 'ぷらら', 'ぷらら', NULL),
  (25, 'broba.cc', 'ぷらら', 'ぷらら', NULL),
  (26, 'brown.plala.or.jp', 'ぷらら', 'ぷらら', NULL),
  (27, 'camel.plala.or.jp', 'ぷらら', 'ぷらら', NULL),
  (28, 'cameo.plala.or.jp', 'ぷらら', 'ぷらら', NULL),
  (29, 'cc9.ne.jp', 'CC9インターネットサービス', 'CC9', NULL),
  (30, 'cek.ne.jp', 'エコーシティー・駒ケ岳', 'CEK-Net', NULL),
  (31, 'cgl.ucsf.edu', 'UCSF CGL email', 'CGL email', NULL),
  (32, 'charter.com', 'Charter Commuications', 'Charter', NULL),
  (33, 'clio.ne.jp', 'CLIO-Net移管サービス', 'CLIO-Net', NULL),
  (34, 'cmail.plala.or.jp', 'ぷらら', 'ぷらら', NULL),
  (35, 'co1.wind.ne.jp', '群馬インターネット', 'wind', NULL),
  (36, 'co2.wind.ne.jp', '群馬インターネット', 'wind', NULL),
  (37, 'co3.wind.ne.jp', '群馬インターネット', 'wind', NULL),
  (38, 'cocoa.plala.or.jp', 'ぷらら', 'ぷらら', NULL),
  (39, 'coda.plala.or.jp', 'ぷらら', 'ぷらら', NULL),
  (40, 'comcast.net', 'Comcast', 'Comcast', NULL),
  (41, 'concerto.plala.or.jp', 'ぷらら', 'ぷらら', NULL),
  (42, 'coral.plala.or.jp', 'ぷらら', 'ぷらら', NULL),
  (43, 'courante.plala.or.jp', 'ぷらら', 'ぷらら', NULL),
  (44, 'cpost.plala.or.jp', 'ぷらら', 'ぷらら', NULL),
  (45, 'cream.plala.or.jp', 'ぷらら', 'ぷらら', NULL),
  (46, 'dan.wind.ne.jp', '群馬インターネット', 'wind', NULL),
  (47, 'dance.plala.or.jp', 'ぷらら', 'ぷらら', NULL),
  (48, 'dd.iij4u.or.jp', 'IIJ4U', 'IIJ4U', NULL),
  (49, 'df.eu', 'domainFACTORY', 'domainFACTORY', 'http://www.df.eu/de/service/df-faq/e-mail/mail-programme/'),
  (50, 'dmail.plala.or.jp', 'ぷらら', 'ぷらら', NULL),
  (51, 'earthlink.net', 'EarthLink', 'EarthLink', 'http://support.earthlink.net/email/email-server-settings.php'),
  (52, 'ebony.plala.or.jp', 'ぷらら', 'ぷらら', NULL),
  (53, 'email.it', 'email.it', 'email.it', 'http://www.email.it/ita/config/thunder.php'),
  (54, 'email.plala.or.jp', 'ぷらら', 'ぷらら', NULL),
  (55, 'ewetel.de', 'EWE Tel', 'EWE Tel', NULL),
  (56, 'fantasy.plala.or.jp', 'ぷらら', 'ぷらら', NULL),
  (57, 'flamenco.plala.or.jp', 'ぷらら', 'ぷらら', NULL),
  (58, 'fmail.plala.or.jp', 'ぷらら', 'ぷらら', NULL),
  (59, 'francetelecom.fr', 'France Telecom / Orange', 'Orange', NULL),
  (60, 'free.fr', 'Free Telecom', 'free.fr', 'http://www.free.fr/assistance/599-thunderbird.html'),
  (61, 'freenet.de', 'Freenet Mail', 'Freenet', NULL),
  (62, 'fuga.plala.or.jp', 'ぷらら', 'ぷらら', NULL),
  (63, 'gandi.net', 'Gandi Mail', 'Gandi', NULL),
  (64, 'gmail.plala.or.jp', 'ぷらら', 'ぷらら', NULL),
  (65, 'gmx.com', 'GMX Freemail', 'GMX', NULL),
  (66, 'gmx.net', 'GMX Freemail', 'GMX', NULL),
  (67, 'go.tvm.ne.jp', 'テレビ松本ケーブルインターネットサービス', 'TVM-Net', NULL),
  (68, 'goo.jp', 'goo メールアドバンス', 'goo', NULL),
  (69, 'googlemail.com', 'Google Mail', 'GMail', NULL),
  (70, 'grape.plala.or.jp', 'ぷらら', 'ぷらら', NULL),
  (71, 'gray.plala.or.jp', 'ぷらら', 'ぷらら', NULL),
  (72, 'hal.ne.jp', 'ハルインターネット', 'HAL', NULL),
  (73, 'hana.or.jp', 'きたうら花ねっと', '花ねっと', NULL),
  (74, 'hotmail.com', 'Microsoft Live Hotmail', 'Hotmail', NULL),
  (75, 'i.softbank.jp', 'SoftBank', 'SoftBank', NULL),
  (76, 'ic-net.or.jp', 'IC-NET', 'IC-NET', NULL),
  (77, 'iijmio-mail.jp', 'IIJmio セーフティメール', 'IIJmio', NULL),
  (78, 'iiyama-catv.ne.jp', 'ケーブルテレビiネット飯山', 'iネット飯山', NULL),
  (79, 'imail.plala.or.jp', 'ぷらら', 'ぷらら', NULL),
  (80, 'inbox.lt', 'Inbox.lt', 'Inbox.lt', NULL),
  (81, 'inbox.lv', 'Inbox.lv', 'Inbox.lv', NULL),
  (82, 'indigo.plala.or.jp', 'ぷらら', 'ぷらら', NULL),
  (83, 'inet-shibata.or.jp', 'インターネット新発田', 'INET-SHIBATA', NULL),
  (84, 'internode.on.net', 'Internode', 'Internode', 'http://www.internode.on.net/support/guides/email/secure_email/'),
  (85, 'ipax.at', 'IPAX Internet Services', 'IPAX', NULL),
  (86, 'ivory.plala.or.jp', 'ぷらら', 'ぷらら', NULL),
  (87, 'iwafune.ne.jp', 'インターネットいわふね', 'IWAFUNE', NULL),
  (88, 'jade.plala.or.jp', 'ぷらら', 'ぷらら', NULL),
  (89, 'janis.or.jp', 'Janis', 'Janis', NULL),
  (90, 'jet.ne.jp', 'JETINTERNET', 'JET', NULL),
  (91, 'ji.jet.ne.jp', 'JETINTERNET', 'JET', NULL),
  (92, 'jmail.plala.or.jp', 'ぷらら', 'ぷらら', NULL),
  (93, 'kabelmail.de', 'Kabel Deutschland', 'Kabel D', NULL),
  (94, 'kelcom.net', 'KELCOM Internet', 'KELCOM', NULL),
  (95, 'khaki.plala.or.jp', 'ぷらら', 'ぷらら', NULL),
  (96, 'kl.wind.ne.jp', '群馬インターネット', 'wind', NULL),
  (97, 'kmail.plala.or.jp', 'ぷらら', 'ぷらら', NULL),
  (98, 'kokuyou.ne.jp', '長和町黒耀の里ゆいねっと', 'ゆいねっと', NULL),
  (99, 'lapis.plala.or.jp', 'ぷらら', 'ぷらら', NULL),
  (100, 'laposte.net', 'LaPoste', 'LaPoste', 'http://www.geckozone.org/forum/viewtopic.php?f=4&t=93118'),
  (101, 'lemon.plala.or.jp', 'ぷらら', 'ぷらら', NULL),
  (102, 'libero.it', 'Libero Mail', 'Libero', 'http://aiuto.libero.it/mail/istruzioni/configura-mozilla-thunderbird-per-windows-a11.phtml'),
  (103, 'lilac.plala.or.jp', 'ぷらら', 'ぷらら', NULL),
  (104, 'lime.plala.or.jp', 'ぷらら', 'ぷらら', NULL),
  (105, 'mahoroba.ne.jp', 'インターネットまほろば', 'まほろば', NULL),
  (106, 'mail.com', 'mail.com', 'mail.com', NULL),
  (107, 'mail.dk', 'TDC (DK)', 'TDC', NULL),
  (108, 'mail.iwafune.ne.jp', 'インターネットいわふね', 'IWAFUNE', NULL),
  (109, 'mail.ru', 'mail.ru', 'mail.ru', NULL),
  (110, 'mail.telenor.dk', 'Telenor Danmark', 'Telenor', NULL),
  (111, 'mail.wind.ne.jp', '群馬インターネット', 'wind', NULL),
  (112, 'maroon.plala.or.jp', 'ぷらら', 'ぷらら', NULL),
  (113, 'me.com', 'Apple iCloud', 'Apple', NULL),
  (114, 'minuet.plala.or.jp', 'ぷらら', 'ぷらら', NULL),
  (115, 'ml.murakami.ne.jp', 'インターネットいわふね', 'IWAFUNE', NULL),
  (116, 'mnet.ne.jp', 'Mnet メール サービス', 'Mnetメール', NULL),
  (117, 'mopera.net', 'mopera U', 'mopera U', NULL),
  (118, 'mozilla.com', 'Mozilla Corporation and Mozilla Foundation internal email addresses', 'mozilla.com', NULL),
  (119, 'mx1.tiki.ne.jp', 'TikiTikiインターネット', 'TikiTiki', NULL),
  (120, 'navy.plala.or.jp', 'ぷらら', 'ぷらら', NULL),
  (121, 'nctsoft.com', 'nctsoft', 'nct', NULL),
  (122, 'nifty.com', '@nifty', '@nifty', NULL),
  (123, 'nsat.jp', 'ＢＢにいがた', 'NSAT', NULL),
  (124, 'o2.pl', 'o2 Poczta', 'o2', NULL),
  (125, 'olive.plala.or.jp', 'ぷらら', 'ぷらら', NULL),
  (126, 'onet.pl', 'Poczta Onet', 'Onet', NULL),
  (127, 'opal.plala.or.jp', 'ぷらら', 'ぷらら', NULL),
  (128, 'orange.plala.or.jp', 'ぷらら', 'ぷらら', NULL),
  (129, 'orchid.plala.or.jp', 'ぷらら', 'ぷらら', NULL),
  (130, 'ovh.net', 'OVH', 'OVH', 'http://guides.ovh.com/ConfigurationEmail'),
  (131, 'pal.kijimadaira.jp', '木島平村FTTH', '木島平村FTTH', NULL),
  (132, 'palette.plala.or.jp', 'ぷらら', 'ぷらら', NULL),
  (133, 'parabox.or.jp', 'パラボックス', 'PARABOX', NULL),
  (134, 'pdx.edu', 'Portland State University Mail', 'PSU Mail', NULL),
  (135, 'peach.plala.or.jp', 'ぷらら', 'ぷらら', NULL),
  (136, 'peoplepc.com', 'PeoplePC', 'PeoplePC', NULL),
  (137, 'plum.plala.or.jp', 'ぷらら', 'ぷらら', NULL),
  (138, 'po.dcn.ne.jp', 'DCNインターネットサービス', 'DCN', NULL),
  (139, 'po.wind.ne.jp', '群馬インターネット', 'wind', NULL),
  (140, 'polka.plala.or.jp', 'ぷらら', 'ぷらら', NULL),
  (141, 'pop.shibata.ne.jp', 'インターネット新発田', 'INET-SHIBATA', NULL),
  (142, 'posteo.de', 'Posteo', 'Posteo', NULL),
  (143, 'purple.plala.or.jp', 'ぷらら', 'ぷらら', NULL),
  (144, 'qip.ru', 'qip.ru', 'qip.ru', NULL),
  (145, 'rainbow.plala.or.jp', 'ぷらら', 'ぷらら', NULL),
  (146, 'rambler.ru', 'Rambler Mail', 'Rambler', NULL),
  (147, 'red.plala.or.jp', 'ぷらら', 'ぷらら', NULL),
  (148, 'rmail.plala.or.jp', 'ぷらら', 'ぷらら', NULL),
  (149, 'rondo.plala.or.jp', 'ぷらら', 'ぷらら', NULL),
  (150, 'rose.plala.or.jp', 'ぷらら', 'ぷらら', NULL),
  (151, 'rouge.plala.or.jp', 'ぷらら', 'ぷらら', NULL),
  (152, 'rr.com', 'RoadRunner', 'RR', 'http://help.rr.com/HMSFaqs/e_emailserveraddys.aspx'),
  (153, 'ruby.plala.or.jp', 'ぷらら', 'ぷらら', NULL),
  (154, 'sakunet.ne.jp', '佐久ケーブルテレビ', 'Saku-Net', NULL),
  (155, 'sea.plala.or.jp', 'ぷらら', 'ぷらら', NULL),
  (156, 'sepia.plala.or.jp', 'ぷらら', 'ぷらら', NULL),
  (157, 'serenade.plala.or.jp', 'ぷらら', 'ぷらら', NULL),
  (158, 'seznam.cz', 'Seznam', 'Seznam', 'http://napoveda.seznam.cz/cz/jake-jsou-adresy-pop3-a-smtp-serveru.html'),
  (159, 'sfr.fr', 'SFR / Neuf', 'SFR', 'http://assistance.sfr.fr/internet_neufbox-de-SFR/utiliser-email/parametrer-id-sfr/fc-505-50680'),
  (160, 'silk.plala.or.jp', 'ぷらら', 'ぷらら', NULL),
  (161, 'silver.plala.or.jp', 'ぷらら', 'ぷらら', NULL),
  (162, 'sky.plala.or.jp', 'ぷらら', 'ぷらら', NULL),
  (163, 'skynet.be', 'skynet', 'skynet', 'http://support.en.belgacom.be/app/answers/detail/a_id/14337/kw/thunderbird'),
  (164, 'smail.plala.or.jp', 'ぷらら', 'ぷらら', NULL),
  (165, 'snow.plala.or.jp', 'ぷらら', 'ぷらら', NULL),
  (166, 'so.wind.ne.jp', '群馬インターネット', 'wind', NULL),
  (167, 'sonata.plala.or.jp', 'ぷらら', 'ぷらら', NULL),
  (168, 'strato.de', 'Strato', 'Strato', NULL),
  (169, 'studenti.univr.it', 'Università degli Studi di Verona', 'UniVR', NULL),
  (170, 'suite.plala.or.jp', 'ぷらら', 'ぷらら', NULL),
  (171, 'sympatico.ca', 'Sympatico Email', 'Sympatico', 'http://internet.bell.ca/index.cfm?method=content.view&category_id=585&content_id=12767'),
  (172, 'symphony.plala.or.jp', 'ぷらら', 'ぷらら', NULL),
  (173, 't-online.de', 'T-Online', 'T-Online', NULL),
  (174, 'taupe.plala.or.jp', 'ぷらら', 'ぷらら', NULL),
  (175, 'terra.es', 'Correo Terra', 'Terra', NULL),
  (176, 'tiki.ne.jp', 'TikiTikiインターネット', 'TikiTiki', NULL),
  (177, 'tiscali.cz', 'Tiscali', 'Tiscali', NULL),
  (178, 'tiscali.it', 'Tiscali Italy', 'Tiscali', 'http://assistenza.tiscali.it/tecnica/posta/configurazioni/'),
  (179, 'tmail.plala.or.jp', 'ぷらら', 'ぷらら', NULL),
  (180, 'toccata.plala.or.jp', 'ぷらら', 'ぷらら', NULL),
  (181, 'topaz.plala.or.jp', 'ぷらら', 'ぷらら', NULL),
  (182, 'trio.plala.or.jp', 'ぷらら', 'ぷらら', NULL),
  (183, 'umail.plala.or.jp', 'ぷらら', 'ぷらら', NULL),
  (184, 'umich.edu', 'UM ITCS Email', 'UM ITCS', NULL),
  (185, 'upcmail.nl', 'UPC Nederland', 'UPC', NULL),
  (186, 'verizon.net', 'Verizon Online', 'Verizon', NULL),
  (187, 'versatel.de', 'Versatel', 'Versatel', 'http://www.versatel.de/hilfe/index_popup.php?einrichtung_email_programm'),
  (188, 'violet.plala.or.jp', 'ぷらら', 'ぷらら', NULL),
  (189, 'vm.aikis.or.jp', 'aikis', 'aikis', NULL),
  (190, 'vmail.plala.or.jp', 'ぷらら', 'ぷらら', NULL),
  (191, 'vp.tiki.ne.jp', 'TikiTikiインターネット', 'TikiTiki', NULL),
  (192, 'waltz.plala.or.jp', 'ぷらら', 'ぷらら', NULL),
  (193, 'wave.plala.or.jp', 'ぷらら', 'ぷらら', NULL),
  (194, 'web.de', 'WEB.DE Freemail', 'Web.de', 'http://hilfe.freemail.web.de/freemail/e-mail/pop3/thunderbird/'),
  (195, 'white.plala.or.jp', 'ぷらら', 'ぷらら', NULL),
  (196, 'wildwestdomains.com', 'Your WildWest domain', 'WildWest', NULL),
  (197, 'wine.plala.or.jp', 'ぷらら', 'ぷらら', NULL),
  (198, 'wmail.plala.or.jp', 'ぷらら', 'ぷらら', NULL),
  (199, 'wp.pl', 'Poczta Wirtualna Polska', 'Poczta WP', NULL),
  (200, 'xmail.plala.or.jp', 'ぷらら', 'ぷらら', NULL),
  (201, 'xp.wind.jp', '群馬インターネット', 'wind', NULL),
  (202, 'xpost.plala.or.jp', 'ぷらら', 'ぷらら', NULL),
  (203, 'xs4all.nl', 'XS4All', 'XS4All', NULL),
  (204, 'xtra.co.nz', 'Yahoo! Mail', 'Yahoo', NULL),
  (205, 'yahoo.co.jp', 'Yahoo! メール', 'Yahoo! メール', NULL),
  (206, 'yahoo.com', 'Yahoo! Mail', 'Yahoo', NULL),
  (207, 'yandex.ru', 'Yandex Mail', 'Yandex', NULL),
  (208, 'ybb.ne.jp', 'Yahoo! BB', 'Yahoo! BB', NULL),
  (209, 'yellow.plala.or.jp', 'ぷらら', 'ぷらら', NULL),
  (210, 'ymail.plala.or.jp', 'ぷらら', 'ぷらら', NULL),
  (211, 'ypost.plala.or.jp', 'ぷらら', 'ぷらら', NULL),
  (212, 'ziggo.nl', 'Ziggo', 'Ziggo', NULL),
  (213, 'zmail.plala.or.jp', 'ぷらら', 'ぷらら', NULL),
  (214, 'zpost.plala.or.jp', 'ぷらら', 'ぷらら', NULL),
  (218, 'ilearney.com', 'ilearney.com', 'ilearney.com', NULL),
  (219, 'fpl-technology.com', 'fpl-technology.com', 'fpl-technology.com', 'http://fpl-technology.com'),
  (220, 'mtmsystems.cz', NULL, NULL, NULL),
  (221, 'km.ru', NULL, NULL, NULL),
  (222, 'photoalain.de', NULL, NULL, NULL),
  (223, 'example.com', NULL, NULL, NULL),
  (225, 'gmail.comgmail.com', NULL, NULL, NULL),
  (226, 'digiterra.pro', NULL, NULL, NULL);

-- mail_mailbox_server
INSERT IGNORE INTO `mail_mailbox_server` (`id`, `id_provider`, `type`, `hostname`, `port`, `socket_type`, `username`, `authentication`, `is_user_data`) VALUES
  (493, 1, 'imap', 'imap.1und1.de', 993, 'SSL', '%EMAILADDRESS%', 'password-cleartext', 0),
  (494, 1, 'imap', 'imap.1und1.de', 143, 'STARTTLS', '%EMAILADDRESS%', 'password-cleartext', 0),
  (495, 1, 'pop3', 'pop.1und1.de', 995, 'SSL', '%EMAILADDRESS%', 'password-cleartext', 0),
  (496, 1, 'pop3', 'pop.1und1.de', 110, 'STARTTLS', '%EMAILADDRESS%', 'password-cleartext', 0),
  (497, 1, 'smtp', 'smtp.1und1.de', 587, 'STARTTLS', '%EMAILADDRESS%', 'password-cleartext', 0),
  (498, 2, 'pop3', 'abc.mail.plala.or.jp', 110, 'plain', '%EMAILLOCALPART%', '', 0),
  (499, 2, 'smtp', 'abc.mail.plala.or.jp', 587, 'plain', '%EMAILLOCALPART%', '', 0),
  (500, 3, 'pop3', 'agate.mail.plala.or.jp', 110, 'plain', '%EMAILLOCALPART%', '', 0),
  (501, 3, 'smtp', 'agate.mail.plala.or.jp', 587, 'plain', '%EMAILLOCALPART%', '', 0),
  (502, 4, 'imap', 'in.alice.it', 143, 'plain', '%EMAILADDRESS%', '', 0),
  (503, 4, 'pop3', 'in.alice.it', 110, 'plain', '%EMAILADDRESS%', '', 0),
  (504, 4, 'smtp', 'out.alice.it', 587, 'plain', '%EMAILADDRESS%', '', 0),
  (505, 5, 'pop3', 'amail.mail.plala.or.jp', 110, 'plain', '%EMAILLOCALPART%', '', 0),
  (506, 5, 'smtp', 'amail.mail.plala.or.jp', 587, 'plain', '%EMAILLOCALPART%', '', 0),
  (507, 6, 'pop3', 'amber.mail.plala.or.jp', 110, 'plain', '%EMAILLOCALPART%', '', 0),
  (508, 6, 'smtp', 'amber.mail.plala.or.jp', 587, 'plain', '%EMAILLOCALPART%', '', 0),
  (509, 7, 'imap', 'imap.aol.com', 993, 'SSL', '%EMAILLOCALPART%', '', 0),
  (510, 7, 'imap', 'imap.aol.com', 143, 'STARTTLS', '%EMAILLOCALPART%', '', 0),
  (511, 7, 'pop3', 'pop.aol.com', 995, 'SSL', '%EMAILLOCALPART%', '', 0),
  (512, 7, 'pop3', 'pop.aol.com', 110, 'STARTTLS', '%EMAILLOCALPART%', '', 0),
  (513, 7, 'smtp', 'smtp.aol.com', 587, 'STARTTLS', '%EMAILLOCALPART%', '', 0),
  (514, 8, 'pop3', 'apost.mail.plala.or.jp', 110, 'plain', '%EMAILLOCALPART%', '', 0),
  (515, 8, 'smtp', 'apost.mail.plala.or.jp', 587, 'plain', '%EMAILLOCALPART%', '', 0),
  (516, 9, 'pop3', 'aqua.mail.plala.or.jp', 110, 'plain', '%EMAILLOCALPART%', '', 0),
  (517, 9, 'smtp', 'aqua.mail.plala.or.jp', 587, 'plain', '%EMAILLOCALPART%', '', 0),
  (518, 10, 'imap', 'imap.arcor.de', 993, 'SSL', '%EMAILLOCALPART%', 'password-cleartext', 0),
  (519, 10, 'imap', 'imap.arcor.de', 143, 'STARTTLS', '%EMAILLOCALPART%', 'password-cleartext', 0),
  (520, 10, 'pop3', 'pop3.arcor.de', 995, 'SSL', '%EMAILLOCALPART%', 'password-cleartext', 0),
  (521, 10, 'smtp', 'mail.arcor.de', 465, 'SSL', '%EMAILLOCALPART%', 'password-cleartext', 0),
  (522, 11, 'imap', 'imaps.pec.aruba.it', 993, 'SSL', '%EMAILADDRESS%', '', 0),
  (523, 11, 'pop3', 'pop3s.pec.aruba.it', 993, 'SSL', '%EMAILADDRESS%', '', 0),
  (524, 11, 'smtp', 'smtps.pec.aruba.it', 465, 'SSL', '%EMAILADDRESS%', '', 0),
  (525, 12, 'pop3', 'pop.att.yahoo.com', 995, 'SSL', '%EMAILADDRESS%', '', 0),
  (526, 12, 'smtp', 'smtp.att.yahoo.com', 465, 'SSL', '%EMAILADDRESS%', '', 0),
  (531, 13, 'pop3', 'ballade.mail.plala.or.jp', 110, 'plain', '%EMAILLOCALPART%', '', 0),
  (532, 13, 'smtp', 'ballade.mail.plala.or.jp', 587, 'plain', '%EMAILLOCALPART%', '', 0),
  (533, 14, 'pop3', 'bay.wind.ne.jp', 110, 'plain', '%EMAILLOCALPART%', '', 0),
  (534, 14, 'smtp', 'bay.wind.ne.jp', 587, 'plain', '%EMAILLOCALPART%', '', 0),
  (535, 15, 'pop3', 'pop.bb-niigata.jp', 110, 'plain', '%EMAILLOCALPART%', '', 0),
  (536, 15, 'smtp', 'pop.bb-niigata.jp', 25, 'plain', '%EMAILLOCALPART%', '', 0),
  (537, 16, 'pop3', 'beige.mail.plala.or.jp', 110, 'plain', '%EMAILLOCALPART%', '', 0),
  (538, 16, 'smtp', 'beige.mail.plala.or.jp', 587, 'plain', '%EMAILLOCALPART%', '', 0),
  (539, 17, 'pop3', 'mail.biglobe.ne.jp', 110, 'plain', '%EMAILADDRESS%', '', 0),
  (540, 17, 'smtp', 'mail.biglobe.ne.jp', 587, 'plain', '%EMAILADDRESS%', '', 0),
  (541, 18, 'pop3', 'mail.bigpond.com', 995, 'SSL', '%EMAILADDRESS%', '', 0),
  (542, 18, 'smtp', 'mail.bigpond.com', 25, 'plain', '%EMAILADDRESS%', '', 0),
  (543, 19, 'pop3', 'blue.mail.plala.or.jp', 110, 'plain', '%EMAILLOCALPART%', '', 0),
  (544, 19, 'smtp', 'blue.mail.plala.or.jp', 587, 'plain', '%EMAILLOCALPART%', '', 0),
  (545, 20, 'imap', 'imaps.bluewin.ch', 993, 'SSL', '%EMAILADDRESS%', '', 0),
  (546, 20, 'pop3', 'pop3s.bluewin.ch', 995, 'SSL', '%EMAILADDRESS%', '', 0),
  (547, 20, 'smtp', 'smtpauths.bluewin.ch', 465, 'SSL', '%EMAILADDRESS%', '', 0),
  (548, 21, 'imap', 'imaps.bluewin.ch', 993, 'SSL', '%EMAILLOCALPART%', '', 0),
  (549, 21, 'pop3', 'pop3s.bluewin.ch', 995, 'SSL', '%EMAILLOCALPART%', '', 0),
  (550, 21, 'smtp', 'smtpauths.bluewin.ch', 465, 'SSL', '%EMAILLOCALPART%', '', 0),
  (551, 22, 'pop3', 'bmail.mail.plala.or.jp', 110, 'plain', '%EMAILLOCALPART%', '', 0),
  (552, 22, 'smtp', 'bmail.mail.plala.or.jp', 587, 'plain', '%EMAILLOCALPART%', '', 0),
  (553, 23, 'pop3', 'bolero.mail.plala.or.jp', 110, 'plain', '%EMAILLOCALPART%', '', 0),
  (554, 23, 'smtp', 'bolero.mail.plala.or.jp', 587, 'plain', '%EMAILLOCALPART%', '', 0),
  (555, 24, 'pop3', 'bpost.mail.plala.or.jp', 110, 'plain', '%EMAILLOCALPART%', '', 0),
  (556, 24, 'smtp', 'bpost.mail.plala.or.jp', 587, 'plain', '%EMAILLOCALPART%', '', 0),
  (557, 25, 'pop3', 'mail.broba.cc', 110, 'plain', '%EMAILADDRESS%', '', 0),
  (558, 25, 'smtp', 'mail.broba.cc', 587, 'plain', '%EMAILADDRESS%', '', 0),
  (559, 26, 'pop3', 'brown.mail.plala.or.jp', 110, 'plain', '%EMAILLOCALPART%', '', 0),
  (560, 26, 'smtp', 'brown.mail.plala.or.jp', 587, 'plain', '%EMAILLOCALPART%', '', 0),
  (561, 27, 'pop3', 'camel.mail.plala.or.jp', 110, 'plain', '%EMAILLOCALPART%', '', 0),
  (562, 27, 'smtp', 'camel.mail.plala.or.jp', 587, 'plain', '%EMAILLOCALPART%', '', 0),
  (563, 28, 'pop3', 'cameo.mail.plala.or.jp', 110, 'plain', '%EMAILLOCALPART%', '', 0),
  (564, 28, 'smtp', 'cameo.mail.plala.or.jp', 587, 'plain', '%EMAILLOCALPART%', '', 0),
  (565, 29, 'pop3', 'pop.cc9.ne.jp', 110, 'plain', '%EMAILLOCALPART%', '', 0),
  (566, 29, 'smtp', 'smtp.cc9.ne.jp', 25, 'plain', '', 'none', 0),
  (567, 30, 'pop3', 'mail.cek.ne.jp', 110, 'plain', '%EMAILLOCALPART%', '', 0),
  (568, 30, 'smtp', 'smtp.cek.ne.jp', 25, 'plain', '', 'none', 0),
  (569, 31, 'imap', 'plato.cgl.ucsf.edu', 993, 'SSL', '%EMAILLOCALPART%', '', 0),
  (570, 31, 'smtp', 'plato.cgl.ucsf.edu', 587, 'STARTTLS', '%EMAILLOCALPART%', '', 0),
  (571, 32, 'imap', 'mobile.charter.net', 993, 'SSL', '%EMAILADDRESS%', '', 0),
  (572, 32, 'imap', 'imap.charter.net', 143, 'plain', '%EMAILADDRESS%', '', 0),
  (573, 32, 'smtp', 'mobile.charter.net', 587, 'SSL', '%EMAILADDRESS%', '', 0),
  (574, 33, 'pop3', 'mail.clio.ne.jp', 110, 'plain', '%EMAILLOCALPART%', '', 0),
  (575, 33, 'smtp', 'mail.clio.ne.jp', 587, 'plain', '%EMAILLOCALPART%', '', 0),
  (576, 34, 'pop3', 'cmail.mail.plala.or.jp', 110, 'plain', '%EMAILLOCALPART%', '', 0),
  (577, 34, 'smtp', 'cmail.mail.plala.or.jp', 587, 'plain', '%EMAILLOCALPART%', '', 0),
  (578, 35, 'pop3', 'co1.wind.ne.jp', 110, 'plain', '%EMAILLOCALPART%', '', 0),
  (579, 35, 'smtp', 'co1.wind.ne.jp', 587, 'plain', '%EMAILLOCALPART%', '', 0),
  (580, 36, 'pop3', 'co2.wind.ne.jp', 110, 'plain', '%EMAILLOCALPART%', '', 0),
  (581, 36, 'smtp', 'co2.wind.ne.jp', 587, 'plain', '%EMAILLOCALPART%', '', 0),
  (582, 37, 'pop3', 'co3.wind.ne.jp', 110, 'plain', '%EMAILLOCALPART%', '', 0),
  (583, 37, 'smtp', 'co3.wind.ne.jp', 587, 'plain', '%EMAILLOCALPART%', '', 0),
  (584, 38, 'pop3', 'cocoa.mail.plala.or.jp', 110, 'plain', '%EMAILLOCALPART%', '', 0),
  (585, 38, 'smtp', 'cocoa.mail.plala.or.jp', 587, 'plain', '%EMAILLOCALPART%', '', 0),
  (586, 39, 'pop3', 'coda.mail.plala.or.jp', 110, 'plain', '%EMAILLOCALPART%', '', 0),
  (587, 39, 'smtp', 'coda.mail.plala.or.jp', 587, 'plain', '%EMAILLOCALPART%', '', 0),
  (588, 40, 'pop3', 'mail.comcast.net', 110, 'STARTTLS', '%EMAILLOCALPART%', '', 0),
  (589, 40, 'smtp', 'smtp.comcast.net', 587, 'STARTTLS', '%EMAILLOCALPART%', '', 0),
  (590, 41, 'pop3', 'concerto.mail.plala.or.jp', 110, 'plain', '%EMAILLOCALPART%', '', 0),
  (591, 41, 'smtp', 'concerto.mail.plala.or.jp', 587, 'plain', '%EMAILLOCALPART%', '', 0),
  (592, 42, 'pop3', 'coral.mail.plala.or.jp', 110, 'plain', '%EMAILLOCALPART%', '', 0),
  (593, 42, 'smtp', 'coral.mail.plala.or.jp', 587, 'plain', '%EMAILLOCALPART%', '', 0),
  (594, 43, 'pop3', 'courante.mail.plala.or.jp', 110, 'plain', '%EMAILLOCALPART%', '', 0),
  (595, 43, 'smtp', 'courante.mail.plala.or.jp', 587, 'plain', '%EMAILLOCALPART%', '', 0),
  (596, 44, 'pop3', 'cpost.mail.plala.or.jp', 110, 'plain', '%EMAILLOCALPART%', '', 0),
  (597, 44, 'smtp', 'cpost.mail.plala.or.jp', 587, 'plain', '%EMAILLOCALPART%', '', 0),
  (598, 45, 'pop3', 'cream.mail.plala.or.jp', 110, 'plain', '%EMAILLOCALPART%', '', 0),
  (599, 45, 'smtp', 'cream.mail.plala.or.jp', 587, 'plain', '%EMAILLOCALPART%', '', 0),
  (600, 46, 'pop3', 'dan.wind.ne.jp', 110, 'plain', '%EMAILLOCALPART%', '', 0),
  (601, 46, 'smtp', 'dan.wind.ne.jp', 587, 'plain', '%EMAILLOCALPART%', '', 0),
  (602, 47, 'pop3', 'dance.mail.plala.or.jp', 110, 'plain', '%EMAILLOCALPART%', '', 0),
  (603, 47, 'smtp', 'dance.mail.plala.or.jp', 587, 'plain', '%EMAILLOCALPART%', '', 0),
  (604, 48, 'pop3', 'mbox.iij4u.or.jp', 110, 'STARTTLS', '%EMAILLOCALPART%.%EMAILDOMAIN%', '', 0),
  (605, 48, 'smtp', 'mbox.iij4u.or.jp', 587, 'STARTTLS', '%EMAILLOCALPART%.%EMAILDOMAIN%', '', 0),
  (606, 49, 'imap', 'sslmailpool.ispgateway.de', 993, 'SSL', '%EMAILADDRESS%', '', 0),
  (607, 49, 'pop3', 'sslmailpool.ispgateway.de', 995, 'SSL', '%EMAILADDRESS%', '', 0),
  (608, 49, 'smtp', 'smtprelaypool.ispgateway.de', 465, 'SSL', '%EMAILADDRESS%', '', 0),
  (609, 50, 'pop3', 'dmail.mail.plala.or.jp', 110, 'plain', '%EMAILLOCALPART%', '', 0),
  (610, 50, 'smtp', 'dmail.mail.plala.or.jp', 587, 'plain', '%EMAILLOCALPART%', '', 0),
  (611, 51, 'imap', 'imap.earthlink.net', 143, 'plain', '%EMAILADDRESS%', '', 0),
  (612, 51, 'pop3', 'pop.earthlink.net', 110, 'plain', '%EMAILADDRESS%', '', 0),
  (613, 51, 'smtp', 'smtpauth.earthlink.net', 587, 'STARTTLS', '%EMAILADDRESS%', '', 0),
  (614, 52, 'pop3', 'ebony.mail.plala.or.jp', 110, 'plain', '%EMAILLOCALPART%', '', 0),
  (615, 52, 'smtp', 'ebony.mail.plala.or.jp', 587, 'plain', '%EMAILLOCALPART%', '', 0),
  (616, 53, 'imap', 'imapmail.email.it', 993, 'SSL', '%EMAILADDRESS%', '', 0),
  (617, 53, 'pop3', 'popmail.email.it', 995, 'SSL', '%EMAILADDRESS%', '', 0),
  (618, 53, 'smtp', 'smtp.email.it', 587, 'STARTTLS', '%EMAILADDRESS%', '', 0),
  (619, 54, 'pop3', 'email.mail.plala.or.jp', 110, 'plain', '%EMAILLOCALPART%', '', 0),
  (620, 54, 'smtp', 'email.mail.plala.or.jp', 587, 'plain', '%EMAILLOCALPART%', '', 0),
  (621, 55, 'pop3', 'pop3s-1.ewetel.net', 995, 'SSL', '%EMAILLOCALPART%', 'password-cleartext', 0),
  (622, 55, 'smtp', 'smtps-1.ewetel.net', 25, 'STARTTLS', '%EMAILLOCALPART%', 'password-cleartext', 0),
  (623, 56, 'pop3', 'fantasy.mail.plala.or.jp', 110, 'plain', '%EMAILLOCALPART%', '', 0),
  (624, 56, 'smtp', 'fantasy.mail.plala.or.jp', 587, 'plain', '%EMAILLOCALPART%', '', 0),
  (625, 57, 'pop3', 'flamenco.mail.plala.or.jp', 110, 'plain', '%EMAILLOCALPART%', '', 0),
  (626, 57, 'smtp', 'flamenco.mail.plala.or.jp', 587, 'plain', '%EMAILLOCALPART%', '', 0),
  (627, 58, 'pop3', 'fmail.mail.plala.or.jp', 110, 'plain', '%EMAILLOCALPART%', '', 0),
  (628, 58, 'smtp', 'fmail.mail.plala.or.jp', 587, 'plain', '%EMAILLOCALPART%', '', 0),
  (629, 59, 'pop3', 'pop.orange.fr', 110, 'plain', '%EMAILLOCALPART%', '', 0),
  (630, 59, 'imap', 'imap.orange.fr', 143, 'plain', '%EMAILLOCALPART%', '', 0),
  (631, 59, 'smtp', 'smtp.orange.fr', 587, 'plain', '%EMAILLOCALPART%', '', 0),
  (632, 60, 'imap', 'imap.free.fr', 993, 'SSL', '%EMAILLOCALPART%', '', 0),
  (633, 60, 'pop3', 'pop.free.fr', 995, 'SSL', '%EMAILLOCALPART%', '', 0),
  (634, 60, 'smtp', 'smtp.free.fr', 25, 'plain', '%EMAILLOCALPART%', '', 0),
  (635, 61, 'imap', 'mx.freenet.de', 993, 'SSL', '%EMAILADDRESS%', 'password-encrypted', 0),
  (636, 61, 'imap', 'mx.freenet.de', 143, 'STARTTLS', '%EMAILADDRESS%', 'password-encrypted', 0),
  (637, 61, 'pop3', 'mx.freenet.de', 995, 'SSL', '%EMAILADDRESS%', 'password-cleartext', 0),
  (638, 61, 'pop3', 'mx.freenet.de', 110, 'STARTTLS', '%EMAILADDRESS%', 'password-cleartext', 0),
  (639, 61, 'smtp', 'mx.freenet.de', 465, 'SSL', '%EMAILADDRESS%', 'password-encrypted', 0),
  (640, 62, 'pop3', 'fuga.mail.plala.or.jp', 110, 'plain', '%EMAILLOCALPART%', '', 0),
  (641, 62, 'smtp', 'fuga.mail.plala.or.jp', 587, 'plain', '%EMAILLOCALPART%', '', 0),
  (642, 63, 'imap', 'mail.gandi.net', 993, 'SSL', '%EMAILADDRESS%', 'password-cleartext', 0),
  (643, 63, 'imap', 'mail.gandi.net', 143, 'STARTTLS', '%EMAILADDRESS%', 'password-cleartext', 0),
  (644, 63, 'pop3', 'mail.gandi.net', 995, 'SSL', '%EMAILADDRESS%', 'password-cleartext', 0),
  (645, 63, 'pop3', 'mail.gandi.net', 110, 'STARTTLS', '%EMAILADDRESS%', 'password-cleartext', 0),
  (646, 63, 'smtp', 'mail.gandi.net', 465, 'SSL', '%EMAILADDRESS%', 'password-cleartext', 0),
  (647, 64, 'pop3', 'gmail.mail.plala.or.jp', 110, 'plain', '%EMAILLOCALPART%', '', 0),
  (648, 64, 'smtp', 'gmail.mail.plala.or.jp', 587, 'plain', '%EMAILLOCALPART%', '', 0),
  (649, 65, 'imap', 'imap.gmx.com', 993, 'SSL', '%EMAILADDRESS%', '', 0),
  (650, 65, 'imap', 'imap.gmx.com', 143, 'STARTTLS', '%EMAILADDRESS%', '', 0),
  (651, 65, 'pop3', 'pop.gmx.com', 995, 'SSL', '%EMAILADDRESS%', '', 0),
  (652, 65, 'pop3', 'pop.gmx.com', 110, 'STARTTLS', '%EMAILADDRESS%', '', 0),
  (653, 65, 'smtp', 'mail.gmx.com', 465, 'SSL', '%EMAILADDRESS%', '', 0),
  (654, 66, 'imap', 'imap.gmx.net', 993, 'SSL', '%EMAILADDRESS%', '', 0),
  (655, 66, 'imap', 'imap.gmx.net', 143, 'STARTTLS', '%EMAILADDRESS%', '', 0),
  (656, 66, 'pop3', 'pop.gmx.net', 995, 'SSL', '%EMAILADDRESS%', '', 0),
  (657, 66, 'pop3', 'pop.gmx.net', 110, 'STARTTLS', '%EMAILADDRESS%', '', 0),
  (658, 66, 'smtp', 'mail.gmx.net', 465, 'SSL', '%EMAILADDRESS%', '', 0),
  (659, 67, 'pop3', 'go.tvm.ne.jp', 110, 'plain', '%EMAILLOCALPART%', '', 0),
  (660, 67, 'smtp', 'go.tvm.ne.jp', 25, 'plain', '%EMAILLOCALPART%', '', 0),
  (661, 68, 'pop3', 'pop.mail.goo.ne.jp', 110, 'plain', '%EMAILLOCALPART%', '', 0),
  (662, 68, 'smtp', 'smtp.mail.goo.ne.jp', 587, 'plain', '%EMAILLOCALPART%', '', 0),
  (663, 69, 'imap', 'imap.googlemail.com', 993, 'SSL', '%EMAILADDRESS%', '', 0),
  (664, 69, 'pop3', 'pop.googlemail.com', 995, 'SSL', 'recent:%EMAILADDRESS%', '', 0),
  (665, 69, 'smtp', 'smtp.googlemail.com', 465, 'SSL', '%EMAILADDRESS%', '', 0),
  (666, 70, 'pop3', 'grape.mail.plala.or.jp', 110, 'plain', '%EMAILLOCALPART%', '', 0),
  (667, 70, 'smtp', 'grape.mail.plala.or.jp', 587, 'plain', '%EMAILLOCALPART%', '', 0),
  (668, 71, 'pop3', 'gray.mail.plala.or.jp', 110, 'plain', '%EMAILLOCALPART%', '', 0),
  (669, 71, 'smtp', 'gray.mail.plala.or.jp', 587, 'plain', '%EMAILLOCALPART%', '', 0),
  (670, 72, 'pop3', 'mail.hal.ne.jp', 110, 'plain', '%EMAILADDRESS%', '', 0),
  (671, 72, 'smtp', 'mail.hal.ne.jp', 587, 'plain', '%EMAILLOCALPART%', '', 0),
  (672, 73, 'pop3', 'mail.hana.or.jp', 110, 'plain', '%EMAILLOCALPART%', '', 0),
  (673, 73, 'smtp', 'mail.hana.or.jp', 587, 'plain', '%EMAILLOCALPART%', '', 0),
  (674, 74, 'pop3', 'pop3.live.com', 995, 'SSL', '%EMAILADDRESS%', '', 0),
  (675, 74, 'smtp', 'smtp.live.com', 587, 'STARTTLS', '%EMAILADDRESS%', '', 0),
  (676, 75, 'imap', 'imap.softbank.jp', 993, 'SSL', '%EMAILLOCALPART%', 'password-cleartext', 0),
  (677, 75, 'smtp', 'smtp.softbank.jp', 465, 'SSL', '%EMAILLOCALPART%', 'password-cleartext', 0),
  (678, 76, 'pop3', 'mail.ic-net.or.jp', 110, 'plain', '%EMAILLOCALPART%', '', 0),
  (679, 76, 'smtp', 'smtp.ic-net.or.jp', 587, 'plain', '%EMAILLOCALPART%', '', 0),
  (680, 77, 'pop3', 'mbox.iijmio-mail.jp', 110, 'STARTTLS', '%EMAILLOCALPART%.%EMAILDOMAIN%', '', 0),
  (681, 77, 'smtp', 'mbox.iijmio-mail.jp', 587, 'STARTTLS', '%EMAILLOCALPART%.%EMAILDOMAIN%', '', 0),
  (682, 78, 'pop3', 'mail.iiyama-catv.ne.jp', 110, 'plain', '%EMAILLOCALPART%', '', 0),
  (683, 78, 'smtp', 'smtp.iiyama-catv.ne.jp', 25, 'plain', '', 'none', 0),
  (684, 79, 'pop3', 'imail.mail.plala.or.jp', 110, 'plain', '%EMAILLOCALPART%', '', 0),
  (685, 79, 'smtp', 'imail.mail.plala.or.jp', 587, 'plain', '%EMAILLOCALPART%', '', 0),
  (686, 80, 'pop3', 'mail.inbox.lt', 995, 'SSL', '%EMAILLOCALPART%', '', 0),
  (687, 80, 'smtp', 'mail.inbox.lt', 587, 'STARTTLS', '%EMAILLOCALPART%', '', 0),
  (688, 81, 'pop3', 'mail.inbox.lv', 995, 'SSL', '%EMAILLOCALPART%', '', 0),
  (689, 81, 'smtp', 'mail.inbox.lv', 587, 'STARTTLS', '%EMAILLOCALPART%', '', 0),
  (690, 82, 'pop3', 'indigo.mail.plala.or.jp', 110, 'plain', '%EMAILLOCALPART%', '', 0),
  (691, 82, 'smtp', 'indigo.mail.plala.or.jp', 587, 'plain', '%EMAILLOCALPART%', '', 0),
  (692, 83, 'pop3', 'po.inet-shibata.or.jp', 110, 'plain', '%EMAILLOCALPART%', '', 0),
  (693, 83, 'smtp', 'po.inet-shibata.or.jp', 25, 'plain', '%EMAILLOCALPART%', '', 0),
  (694, 84, 'imap', 'mail.internode.on.net', 993, 'SSL', '%EMAILADDRESS%', 'password-cleartext', 0),
  (695, 84, 'pop3', 'mail.internode.on.net', 995, 'SSL', '%EMAILADDRESS%', 'password-cleartext', 0),
  (696, 84, 'smtp', 'mail.internode.on.net', 465, 'SSL', '%EMAILADDRESS%', 'password-cleartext', 0),
  (697, 85, 'imap', 'mail.ipax.at', 993, 'SSL', '%EMAILADDRESS%', '', 0),
  (698, 85, 'smtp', 'mail.ipax.at', 465, 'SSL', '%EMAILADDRESS%', '', 0),
  (699, 86, 'pop3', 'ivory.mail.plala.or.jp', 110, 'plain', '%EMAILLOCALPART%', '', 0),
  (700, 86, 'smtp', 'ivory.mail.plala.or.jp', 587, 'plain', '%EMAILLOCALPART%', '', 0),
  (701, 87, 'pop3', 'po.iwafune.ne.jp', 110, 'plain', '%EMAILLOCALPART%', '', 0),
  (702, 87, 'smtp', 'po.iwafune.ne.jp', 25, 'plain', '%EMAILLOCALPART%', '', 0),
  (703, 88, 'pop3', 'jade.mail.plala.or.jp', 110, 'plain', '%EMAILLOCALPART%', '', 0),
  (704, 88, 'smtp', 'jade.mail.plala.or.jp', 587, 'plain', '%EMAILLOCALPART%', '', 0),
  (705, 89, 'pop3', 'mail.%EMAILDOMAIN%', 110, 'plain', '%EMAILLOCALPART%', '', 0),
  (706, 89, 'smtp', 'smtp.%EMAILDOMAIN%', 25, 'plain', '', 'none', 0),
  (707, 90, 'pop3', 'pop.jet.ne.jp', 110, 'plain', '%EMAILLOCALPART%', '', 0),
  (708, 90, 'imap', 'imap.jet.ne.jp', 993, 'SSL', '%EMAILLOCALPART%', '', 0),
  (709, 90, 'smtp', 'smtp.jet.ne.jp', 587, 'plain', '%EMAILLOCALPART%', '', 0),
  (710, 91, 'pop3', 'pop02.jet.ne.jp', 110, 'plain', '%EMAILLOCALPART%', '', 0),
  (711, 91, 'smtp', 'smtp02.jet.ne.jp', 587, 'plain', '%EMAILLOCALPART%', '', 0),
  (712, 92, 'pop3', 'jmail.mail.plala.or.jp', 110, 'plain', '%EMAILLOCALPART%', '', 0),
  (713, 92, 'smtp', 'jmail.mail.plala.or.jp', 587, 'plain', '%EMAILLOCALPART%', '', 0),
  (714, 93, 'pop3', 'pop3.kabelmail.de', 995, 'SSL', '%EMAILADDRESS%', '', 0),
  (715, 93, 'smtp', 'smtp.kabelmail.de', 465, 'SSL', '%EMAILADDRESS%', '', 0),
  (716, 94, 'pop3', 'pop1.kelcom.net', 110, 'plain', '%EMAILADDRESS%', '', 0),
  (717, 94, 'smtp', 'smtp.kelcom.net', 25, 'plain', '%EMAILADDRESS%', '', 0),
  (718, 95, 'pop3', 'khaki.mail.plala.or.jp', 110, 'plain', '%EMAILLOCALPART%', '', 0),
  (719, 95, 'smtp', 'khaki.mail.plala.or.jp', 587, 'plain', '%EMAILLOCALPART%', '', 0),
  (720, 96, 'pop3', 'kl.wind.ne.jp', 110, 'plain', '%EMAILLOCALPART%', '', 0),
  (721, 96, 'smtp', 'kl.wind.ne.jp', 587, 'plain', '%EMAILLOCALPART%', '', 0),
  (722, 97, 'pop3', 'kmail.mail.plala.or.jp', 110, 'plain', '%EMAILLOCALPART%', '', 0),
  (723, 97, 'smtp', 'kmail.mail.plala.or.jp', 587, 'plain', '%EMAILLOCALPART%', '', 0),
  (724, 98, 'pop3', 'mail.kokuyou.ne.jp', 110, 'plain', '%EMAILLOCALPART%', '', 0),
  (725, 98, 'smtp', 'smtp.kokuyou.ne.jp', 25, 'plain', '', 'none', 0),
  (726, 99, 'pop3', 'lapis.mail.plala.or.jp', 110, 'plain', '%EMAILLOCALPART%', '', 0),
  (727, 99, 'smtp', 'lapis.mail.plala.or.jp', 587, 'plain', '%EMAILLOCALPART%', '', 0),
  (728, 100, 'imap', 'imap.laposte.net', 993, 'SSL', '%EMAILLOCALPART%', '', 0),
  (729, 100, 'pop3', 'pop.laposte.net', 995, 'SSL', '%EMAILLOCALPART%', '', 0),
  (730, 100, 'smtp', 'smtp.laposte.net', 465, 'SSL', '%EMAILLOCALPART%', '', 0),
  (731, 101, 'pop3', 'lemon.mail.plala.or.jp', 110, 'plain', '%EMAILLOCALPART%', '', 0),
  (732, 101, 'smtp', 'lemon.mail.plala.or.jp', 587, 'plain', '%EMAILLOCALPART%', '', 0),
  (733, 102, 'imap', 'imapmail.libero.it', 143, 'plain', '%EMAILADDRESS%', '', 0),
  (734, 102, 'pop3', 'popmail.libero.it', 110, 'plain', '%EMAILADDRESS%', '', 0),
  (735, 102, 'smtp', 'smtp.libero.it', 25, 'plain', '%EMAILADDRESS%', '', 0),
  (736, 103, 'pop3', 'lilac.mail.plala.or.jp', 110, 'plain', '%EMAILLOCALPART%', '', 0),
  (737, 103, 'smtp', 'lilac.mail.plala.or.jp', 587, 'plain', '%EMAILLOCALPART%', '', 0),
  (738, 104, 'pop3', 'lime.mail.plala.or.jp', 110, 'plain', '%EMAILLOCALPART%', '', 0),
  (739, 104, 'smtp', 'lime.mail.plala.or.jp', 587, 'plain', '%EMAILLOCALPART%', '', 0),
  (740, 105, 'pop3', 'mail.mahoroba.ne.jp', 110, 'plain', '%EMAILLOCALPART%', '', 0),
  (741, 105, 'smtp', 'mail.mahoroba.ne.jp', 587, 'plain', '%EMAILLOCALPART%', '', 0),
  (742, 106, 'imap', 'imap.mail.com', 993, 'SSL', '%EMAILADDRESS%', '', 0),
  (743, 106, 'imap', 'imap.mail.com', 143, 'STARTTLS', '%EMAILADDRESS%', '', 0),
  (744, 106, 'pop3', 'pop.mail.com', 995, 'SSL', '%EMAILADDRESS%', '', 0),
  (745, 106, 'pop3', 'pop.mail.com', 110, 'STARTTLS', '%EMAILADDRESS%', '', 0),
  (746, 106, 'smtp', 'smtp.mail.com', 465, 'SSL', '%EMAILADDRESS%', '', 0),
  (747, 107, 'pop3', 'pop3.mail.dk', 110, 'plain', '%EMAILADDRESS%', '', 0),
  (748, 107, 'smtp', 'asmtp.mail.dk', 587, 'plain', '%EMAILADDRESS%', '', 0),
  (749, 108, 'pop3', 'mail.iwafune.ne.jp', 110, 'plain', '%EMAILLOCALPART%', '', 0),
  (750, 108, 'smtp', 'mail.iwafune.ne.jp', 25, 'plain', '%EMAILLOCALPART%', '', 0),
  (751, 109, 'pop3', 'pop.mail.ru', 995, 'SSL', '%EMAILADDRESS%', '', 0),
  (752, 109, 'imap', 'imap.mail.ru', 993, 'SSL', '%EMAILADDRESS%', '', 0),
  (753, 109, 'smtp', 'smtp.mail.ru', 465, 'SSL', '%EMAILADDRESS%', '', 0),
  (754, 110, 'imap', 'mail.telenor.dk', 143, 'STARTTLS', '%EMAILADDRESS%', '', 0),
  (755, 110, 'pop3', 'mail.telenor.dk', 110, 'STARTTLS', '%EMAILADDRESS%', '', 0),
  (756, 110, 'smtp', 'mail.telenor.dk', 587, 'STARTTLS', '%EMAILADDRESS%', '', 0),
  (757, 111, 'pop3', 'mail.wind.ne.jp', 110, 'plain', '%EMAILLOCALPART%', '', 0),
  (758, 111, 'smtp', 'mail.wind.ne.jp', 587, 'plain', '%EMAILLOCALPART%', '', 0),
  (759, 112, 'pop3', 'maroon.mail.plala.or.jp', 110, 'plain', '%EMAILLOCALPART%', '', 0),
  (760, 112, 'smtp', 'maroon.mail.plala.or.jp', 587, 'plain', '%EMAILLOCALPART%', '', 0),
  (761, 113, 'imap', 'imap.mail.me.com', 993, 'SSL', '%EMAILLOCALPART%', '', 0),
  (762, 113, 'smtp', 'smtp.mail.me.com', 587, 'STARTTLS', '%EMAILLOCALPART%', '', 0),
  (763, 114, 'pop3', 'minuet.mail.plala.or.jp', 110, 'plain', '%EMAILLOCALPART%', '', 0),
  (764, 114, 'smtp', 'minuet.mail.plala.or.jp', 587, 'plain', '%EMAILLOCALPART%', '', 0),
  (765, 115, 'pop3', 'ml.murakami.ne.jp', 110, 'plain', '%EMAILLOCALPART%', '', 0),
  (766, 115, 'smtp', 'ml.murakami.ne.jp', 25, 'plain', '%EMAILLOCALPART%', '', 0),
  (767, 116, 'pop3', 'mail.mnet.ne.jp', 110, 'plain', '%EMAILADDRESS%', '', 0),
  (768, 116, 'smtp', 'mail.mnet.ne.jp', 587, 'plain', '%EMAILADDRESS%', '', 0),
  (769, 117, 'imap', 'mail.mopera.net', 993, 'SSL', '%EMAILLOCALPART%', '', 0),
  (770, 117, 'imap', 'mail.mopera.net', 143, 'STARTTLS', '%EMAILLOCALPART%', '', 0),
  (771, 117, 'pop3', 'mail.mopera.net', 995, 'SSL', '%EMAILLOCALPART%', '', 0),
  (772, 117, 'pop3', 'mail.mopera.net', 110, 'STARTTLS', '%EMAILLOCALPART%', '', 0),
  (773, 117, 'smtp', 'mail.mopera.net', 465, 'SSL', '%EMAILLOCALPART%', '', 0),
  (774, 118, 'imap', 'mail.mozilla.com', 993, 'SSL', '%EMAILADDRESS%', '', 0),
  (775, 118, 'smtp', 'smtp.mozilla.org', 465, 'SSL', '%EMAILADDRESS%', '', 0),
  (776, 119, 'pop3', '%EMAILDOMAIN%', 110, 'plain', '%EMAILLOCALPART%', '', 0),
  (777, 119, 'smtp', 'smtp-auth.tiki.ne.jp', 587, 'plain', '%EMAILADDRESS%', '', 0),
  (778, 120, 'pop3', 'navy.mail.plala.or.jp', 110, 'plain', '%EMAILLOCALPART%', '', 0),
  (779, 120, 'smtp', 'navy.mail.plala.or.jp', 587, 'plain', '%EMAILLOCALPART%', '', 0),
  (780, 121, 'pop3', 'mail.nctsoft.com', 110, 'plain', '%EMAILLOCALPART%@%EMAILHOSTNAME%', '', 0),
  (781, 121, 'smtp', 'mail.nctsoft.com', 25, 'plain', '', 'none', 0),
  (782, 122, 'pop3', 'pop.nifty.com', 110, 'plain', '%EMAILLOCALPART%', '', 0),
  (783, 122, 'smtp', 'smtp.nifty.com', 587, 'plain', '%EMAILLOCALPART%', '', 0),
  (784, 123, 'pop3', 'mail.nsat.jp', 110, 'plain', '%EMAILADDRESS%', '', 0),
  (785, 123, 'smtp', 'mail.nsat.jp', 587, 'plain', '%EMAILADDRESS%', '', 0),
  (786, 124, 'pop3', 'poczta.o2.pl', 995, 'SSL', '%EMAILLOCALPART%', 'password-cleartext', 0),
  (787, 124, 'smtp', 'poczta.o2.pl', 465, 'SSL', '%EMAILLOCALPART%', 'password-cleartext', 0),
  (788, 125, 'pop3', 'olive.mail.plala.or.jp', 110, 'plain', '%EMAILLOCALPART%', '', 0),
  (789, 125, 'smtp', 'olive.mail.plala.or.jp', 587, 'plain', '%EMAILLOCALPART%', '', 0),
  (790, 126, 'pop3', 'pop3.poczta.onet.pl', 995, 'SSL', '%EMAILADDRESS%', '', 0),
  (791, 126, 'smtp', 'smtp.poczta.onet.pl', 465, 'SSL', '%EMAILADDRESS%', '', 0),
  (792, 127, 'pop3', 'opal.mail.plala.or.jp', 110, 'plain', '%EMAILLOCALPART%', '', 0),
  (793, 127, 'smtp', 'opal.mail.plala.or.jp', 587, 'plain', '%EMAILLOCALPART%', '', 0),
  (794, 128, 'pop3', 'orange.mail.plala.or.jp', 110, 'plain', '%EMAILLOCALPART%', '', 0),
  (795, 128, 'smtp', 'orange.mail.plala.or.jp', 587, 'plain', '%EMAILLOCALPART%', '', 0),
  (796, 129, 'pop3', 'orchid.mail.plala.or.jp', 110, 'plain', '%EMAILLOCALPART%', '', 0),
  (797, 129, 'smtp', 'orchid.mail.plala.or.jp', 587, 'plain', '%EMAILLOCALPART%', '', 0),
  (798, 130, 'imap', 'ssl0.ovh.net', 993, 'SSL', '%EMAILADDRESS%', 'password-cleartext', 0),
  (799, 130, 'pop3', 'ssl0.ovh.net', 995, 'SSL', '%EMAILADDRESS%', 'password-cleartext', 0),
  (800, 130, 'smtp', 'ssl0.ovh.net', 465, 'SSL', '%EMAILADDRESS%', 'password-cleartext', 0),
  (801, 131, 'pop3', 'mail.pal.kijimadaira.jp', 110, 'plain', '%EMAILLOCALPART%', '', 0),
  (802, 131, 'smtp', 'smtp.pal.kijimadaira.jp', 25, 'plain', '', 'none', 0),
  (803, 132, 'pop3', 'palette.mail.plala.or.jp', 110, 'plain', '%EMAILLOCALPART%', '', 0),
  (804, 132, 'smtp', 'palette.mail.plala.or.jp', 587, 'plain', '%EMAILLOCALPART%', '', 0),
  (805, 133, 'pop3', 'pop3.parabox.or.jp', 110, 'plain', '%EMAILLOCALPART%', '', 0),
  (806, 133, 'smtp', 'smtp.parabox.or.jp', 25, 'plain', '%EMAILLOCALPART%', '', 0),
  (807, 134, 'imap', 'psumail.pdx.edu', 993, 'SSL', '%EMAILADDRESS%', 'password-encrypted', 0),
  (808, 134, 'imap', 'psumail.pdx.edu', 587, 'STARTTLS', '%EMAILADDRESS%', 'password-encrypted', 0),
  (809, 134, 'smtp', 'mailhost.pdx.edu', 465, 'SSL', '%EMAILADDRESS%', 'password-encrypted', 0),
  (810, 135, 'pop3', 'peach.mail.plala.or.jp', 110, 'plain', '%EMAILLOCALPART%', '', 0),
  (811, 135, 'smtp', 'peach.mail.plala.or.jp', 587, 'plain', '%EMAILLOCALPART%', '', 0),
  (812, 136, 'imap', 'imap.peoplepc.com', 143, 'plain', '%EMAILADDRESS%', '', 0),
  (813, 136, 'pop3', 'pop.peoplepc.com', 110, 'plain', '%EMAILADDRESS%', '', 0),
  (814, 136, 'smtp', 'smtpauth.peoplepc.com', 587, 'STARTTLS', '%EMAILADDRESS%', '', 0),
  (815, 137, 'pop3', 'plum.mail.plala.or.jp', 110, 'plain', '%EMAILLOCALPART%', '', 0),
  (816, 137, 'smtp', 'plum.mail.plala.or.jp', 587, 'plain', '%EMAILLOCALPART%', '', 0),
  (817, 138, 'pop3', 'po.dcn.ne.jp', 110, 'plain', '%EMAILLOCALPART%', '', 0),
  (818, 138, 'smtp', 'po.dcn.ne.jp', 25, 'plain', '', 'none', 0),
  (819, 139, 'pop3', 'po.wind.ne.jp', 110, 'plain', '%EMAILLOCALPART%', '', 0),
  (820, 139, 'smtp', 'po.wind.ne.jp', 587, 'plain', '%EMAILLOCALPART%', '', 0),
  (821, 140, 'pop3', 'polka.mail.plala.or.jp', 110, 'plain', '%EMAILLOCALPART%', '', 0),
  (822, 140, 'smtp', 'polka.mail.plala.or.jp', 587, 'plain', '%EMAILLOCALPART%', '', 0),
  (823, 141, 'pop3', '%EMAILDOMAIN%', 110, 'plain', '%EMAILLOCALPART%', '', 0),
  (824, 141, 'smtp', '%EMAILDOMAIN%', 25, 'plain', '%EMAILLOCALPART%', '', 0),
  (825, 142, 'imap', 'posteo.de', 143, 'STARTTLS', '%EMAILADDRESS%', '', 0),
  (826, 142, 'smtp', 'posteo.de', 587, 'STARTTLS', '%EMAILADDRESS%', '', 0),
  (827, 143, 'pop3', 'purple.mail.plala.or.jp', 110, 'plain', '%EMAILLOCALPART%', '', 0),
  (828, 143, 'smtp', 'purple.mail.plala.or.jp', 587, 'plain', '%EMAILLOCALPART%', '', 0),
  (829, 144, 'pop3', 'pop.qip.ru', 110, 'plain', '%EMAILADDRESS%', '', 0),
  (830, 144, 'imap', 'imap.qip.ru', 143, 'plain', '%EMAILADDRESS%', '', 0),
  (831, 144, 'smtp', 'smtp.qip.ru', 25, 'plain', '%EMAILADDRESS%', '', 0),
  (832, 145, 'pop3', 'rainbow.mail.plala.or.jp', 110, 'plain', '%EMAILLOCALPART%', '', 0),
  (833, 145, 'smtp', 'rainbow.mail.plala.or.jp', 587, 'plain', '%EMAILLOCALPART%', '', 0),
  (834, 146, 'imap', 'mail.rambler.ru', 993, 'SSL', '%EMAILADDRESS%', '', 0),
  (835, 146, 'pop3', 'mail.rambler.ru', 995, 'SSL', '%EMAILADDRESS%', '', 0),
  (836, 146, 'smtp', 'mail.rambler.ru', 465, 'SSL', '%EMAILADDRESS%', '', 0),
  (837, 147, 'pop3', 'red.mail.plala.or.jp', 110, 'plain', '%EMAILLOCALPART%', '', 0),
  (838, 147, 'smtp', 'red.mail.plala.or.jp', 587, 'plain', '%EMAILLOCALPART%', '', 0),
  (839, 148, 'pop3', 'rmail.mail.plala.or.jp', 110, 'plain', '%EMAILLOCALPART%', '', 0),
  (840, 148, 'smtp', 'rmail.mail.plala.or.jp', 587, 'plain', '%EMAILLOCALPART%', '', 0),
  (841, 149, 'pop3', 'rondo.mail.plala.or.jp', 110, 'plain', '%EMAILLOCALPART%', '', 0),
  (842, 149, 'smtp', 'rondo.mail.plala.or.jp', 587, 'plain', '%EMAILLOCALPART%', '', 0),
  (843, 150, 'pop3', 'rose.mail.plala.or.jp', 110, 'plain', '%EMAILLOCALPART%', '', 0),
  (844, 150, 'smtp', 'rose.mail.plala.or.jp', 587, 'plain', '%EMAILLOCALPART%', '', 0),
  (845, 151, 'pop3', 'rouge.mail.plala.or.jp', 110, 'plain', '%EMAILLOCALPART%', '', 0),
  (846, 151, 'smtp', 'rouge.mail.plala.or.jp', 587, 'plain', '%EMAILLOCALPART%', '', 0),
  (847, 152, 'pop3', 'pop-server.%EMAILDOMAIN%', 110, 'plain', '%EMAILADDRESS%', '', 0),
  (848, 152, 'smtp', 'smtp-server.%EMAILDOMAIN%', 25, 'plain', '%EMAILADDRESS%', '', 0),
  (849, 153, 'pop3', 'ruby.mail.plala.or.jp', 110, 'plain', '%EMAILLOCALPART%', '', 0),
  (850, 153, 'smtp', 'ruby.mail.plala.or.jp', 587, 'plain', '%EMAILLOCALPART%', '', 0),
  (851, 154, 'pop3', 'mail.sakunet.ne.jp', 110, 'plain', '%EMAILLOCALPART%', '', 0),
  (852, 154, 'smtp', 'smtp.sakunet.ne.jp', 25, 'plain', '', 'none', 0),
  (853, 155, 'pop3', 'sea.mail.plala.or.jp', 110, 'plain', '%EMAILLOCALPART%', '', 0),
  (854, 155, 'smtp', 'sea.mail.plala.or.jp', 587, 'plain', '%EMAILLOCALPART%', '', 0),
  (855, 156, 'pop3', 'sepia.mail.plala.or.jp', 110, 'plain', '%EMAILLOCALPART%', '', 0),
  (856, 156, 'smtp', 'sepia.mail.plala.or.jp', 587, 'plain', '%EMAILLOCALPART%', '', 0),
  (857, 157, 'pop3', 'serenade.mail.plala.or.jp', 110, 'plain', '%EMAILLOCALPART%', '', 0),
  (858, 157, 'smtp', 'serenade.mail.plala.or.jp', 587, 'plain', '%EMAILLOCALPART%', '', 0),
  (859, 158, 'pop3', 'pop3.seznam.cz', 995, 'SSL', '%EMAILADDRESS%', '', 0),
  (860, 158, 'smtp', 'smtp.seznam.cz', 25, 'plain', '%EMAILADDRESS%', '', 0),
  (861, 159, 'imap', 'imap.sfr.fr', 143, 'plain', '%EMAILADDRESS%', '', 0),
  (862, 159, 'pop3', 'pop.sfr.fr', 110, 'plain', '%EMAILADDRESS%', '', 0),
  (863, 159, 'smtp', 'smtp.sfr.fr', 587, 'plain', '%EMAILADDRESS%', '', 0),
  (864, 160, 'pop3', 'silk.mail.plala.or.jp', 110, 'plain', '%EMAILLOCALPART%', '', 0),
  (865, 160, 'smtp', 'silk.mail.plala.or.jp', 587, 'plain', '%EMAILLOCALPART%', '', 0),
  (866, 161, 'pop3', 'silver.mail.plala.or.jp', 110, 'plain', '%EMAILLOCALPART%', '', 0),
  (867, 161, 'smtp', 'silver.mail.plala.or.jp', 587, 'plain', '%EMAILLOCALPART%', '', 0),
  (868, 162, 'pop3', 'sky.mail.plala.or.jp', 110, 'plain', '%EMAILLOCALPART%', '', 0),
  (869, 162, 'smtp', 'sky.mail.plala.or.jp', 587, 'plain', '%EMAILLOCALPART%', '', 0),
  (870, 163, 'imap', 'imap.skynet.be', 993, 'SSL', '%EMAILADDRESS%', 'password-cleartext', 0),
  (871, 163, 'pop3', 'pop.skynet.be', 110, 'plain', '%EMAILADDRESS%', 'password-encrypted', 0),
  (872, 163, 'smtp', 'relay.skynet.be', 587, 'STARTTLS', '%EMAILADDRESS%', 'password-cleartext', 0),
  (873, 164, 'pop3', 'smail.mail.plala.or.jp', 110, 'plain', '%EMAILLOCALPART%', '', 0),
  (874, 164, 'smtp', 'smail.mail.plala.or.jp', 587, 'plain', '%EMAILLOCALPART%', '', 0),
  (875, 165, 'pop3', 'snow.mail.plala.or.jp', 110, 'plain', '%EMAILLOCALPART%', '', 0),
  (876, 165, 'smtp', 'snow.mail.plala.or.jp', 587, 'plain', '%EMAILLOCALPART%', '', 0),
  (877, 166, 'imap', 'so.wind.ne.jp', 143, 'plain', '%EMAILLOCALPART%', '', 0),
  (878, 166, 'smtp', 'so.wind.ne.jp', 587, 'plain', '%EMAILLOCALPART%', '', 0),
  (879, 167, 'pop3', 'sonata.mail.plala.or.jp', 110, 'plain', '%EMAILLOCALPART%', '', 0),
  (880, 167, 'smtp', 'sonata.mail.plala.or.jp', 587, 'plain', '%EMAILLOCALPART%', '', 0),
  (881, 168, 'imap', 'imap.strato.de', 993, 'SSL', '%EMAILADDRESS%', 'password-encrypted', 0),
  (882, 168, 'pop3', 'pop3.strato.de', 995, 'SSL', '%EMAILADDRESS%', 'password-encrypted', 0),
  (883, 168, 'smtp', 'smtp.strato.de', 465, 'SSL', '%EMAILADDRESS%', 'password-encrypted', 0),
  (884, 169, 'pop3', 'mail.studenti.univr.it', 995, 'SSL', '%EMAILLOCALPART%', '', 0),
  (885, 169, 'smtp', 'mail.studenti.univr.it', 465, 'SSL', '%EMAILLOCALPART%', '', 0),
  (886, 170, 'pop3', 'suite.mail.plala.or.jp', 110, 'plain', '%EMAILLOCALPART%', '', 0),
  (887, 170, 'smtp', 'suite.mail.plala.or.jp', 587, 'plain', '%EMAILLOCALPART%', '', 0),
  (888, 171, 'pop3', 'pophm.sympatico.ca', 995, 'SSL', '%EMAILADDRESS%', '', 0),
  (889, 171, 'smtp', 'smtphm.sympatico.ca', 587, 'STARTTLS', '%EMAILADDRESS%', '', 0),
  (890, 172, 'pop3', 'symphony.mail.plala.or.jp', 110, 'plain', '%EMAILLOCALPART%', '', 0),
  (891, 172, 'smtp', 'symphony.mail.plala.or.jp', 587, 'plain', '%EMAILLOCALPART%', '', 0),
  (892, 173, 'imap', 'secureimap.t-online.de', 993, 'SSL', '%EMAILADDRESS%', '', 0),
  (893, 173, 'pop3', 'securepop.t-online.de', 995, 'SSL', '%EMAILADDRESS%', '', 0),
  (894, 173, 'smtp', 'securesmtp.t-online.de', 587, 'STARTTLS', '%EMAILADDRESS%', '', 0),
  (895, 174, 'pop3', 'taupe.mail.plala.or.jp', 110, 'plain', '%EMAILLOCALPART%', '', 0),
  (896, 174, 'smtp', 'taupe.mail.plala.or.jp', 587, 'plain', '%EMAILLOCALPART%', '', 0),
  (897, 175, 'imap', 'imap4.terra.es', 143, 'plain', '%EMAILADDRESS%', '', 0),
  (898, 175, 'pop3', 'pop3.terra.es', 110, 'plain', '%EMAILADDRESS%', '', 0),
  (899, 175, 'smtp', 'mailhost.terra.es', 25, 'plain', '%EMAILADDRESS%', '', 0),
  (900, 176, 'pop3', 'mx.tiki.ne.jp', 110, 'plain', '%EMAILLOCALPART%', '', 0),
  (901, 176, 'smtp', 'smtp-auth.tiki.ne.jp', 587, 'plain', '%EMAILADDRESS%', '', 0),
  (902, 177, 'pop3', 'pop3.mail.tiscali.cz', 110, 'plain', '%EMAILADDRESS%', '', 0),
  (903, 177, 'smtp', 'smtp.mail.tiscali.cz', 25, 'plain', '%EMAILADDRESS%', '', 0),
  (904, 178, 'imap', 'imap.tiscali.it', 993, 'SSL', '%EMAILADDRESS%', '', 0),
  (905, 178, 'pop3', 'pop.tiscali.it', 995, 'SSL', '%EMAILADDRESS%', '', 0),
  (906, 178, 'smtp', 'smtp.tiscali.it', 465, 'SSL', '%EMAILADDRESS%', '', 0),
  (907, 179, 'pop3', 'tmail.mail.plala.or.jp', 110, 'plain', '%EMAILLOCALPART%', '', 0),
  (908, 179, 'smtp', 'tmail.mail.plala.or.jp', 587, 'plain', '%EMAILLOCALPART%', '', 0),
  (909, 180, 'pop3', 'toccata.mail.plala.or.jp', 110, 'plain', '%EMAILLOCALPART%', '', 0),
  (910, 180, 'smtp', 'toccata.mail.plala.or.jp', 587, 'plain', '%EMAILLOCALPART%', '', 0),
  (911, 181, 'pop3', 'topaz.mail.plala.or.jp', 110, 'plain', '%EMAILLOCALPART%', '', 0),
  (912, 181, 'smtp', 'topaz.mail.plala.or.jp', 587, 'plain', '%EMAILLOCALPART%', '', 0),
  (913, 182, 'pop3', 'trio.mail.plala.or.jp', 110, 'plain', '%EMAILLOCALPART%', '', 0),
  (914, 182, 'smtp', 'trio.mail.plala.or.jp', 587, 'plain', '%EMAILLOCALPART%', '', 0),
  (915, 183, 'pop3', 'umail.mail.plala.or.jp', 110, 'plain', '%EMAILLOCALPART%', '', 0),
  (916, 183, 'smtp', 'umail.mail.plala.or.jp', 587, 'plain', '%EMAILLOCALPART%', '', 0),
  (917, 184, 'imap', 'mail.umich.edu', 993, 'SSL', '%EMAILLOCALPART%', '', 0),
  (918, 184, 'smtp', 'smtp.mail.umich.edu', 587, 'STARTTLS', '%EMAILLOCALPART%', '', 0),
  (919, 185, 'pop3', 'pop3.upcmail.nl', 110, 'plain', '%EMAILADDRESS%', '', 0),
  (920, 185, 'smtp', 'smtp.upcmail.nl', 25, 'plain', '%EMAILADDRESS%', '', 0),
  (921, 186, 'pop3', 'incoming.verizon.net', 995, 'SSL', '%EMAILLOCALPART%', '', 0),
  (922, 186, 'smtp', 'outgoing.verizon.net', 465, 'SSL', '%EMAILLOCALPART%', '', 0),
  (923, 187, 'imap', 'mx.versatel.de', 143, 'plain', '%EMAILADDRESS%', 'password-cleartext', 0),
  (924, 187, 'pop3', 'mx.versatel.de', 143, 'plain', '%EMAILADDRESS%', 'password-cleartext', 0),
  (925, 187, 'smtp', 'smtp.versatel.de', 25, 'plain', '%EMAILADDRESS%', 'password-cleartext', 0),
  (926, 188, 'pop3', 'violet.mail.plala.or.jp', 110, 'plain', '%EMAILLOCALPART%', '', 0),
  (927, 188, 'smtp', 'violet.mail.plala.or.jp', 587, 'plain', '%EMAILLOCALPART%', '', 0),
  (928, 189, 'pop3', 'mail.aikis.or.jp', 995, 'SSL', '%EMAILLOCALPART%', '', 0),
  (929, 189, 'smtp', 'mail.aikis.or.jp', 587, 'STARTTLS', '%EMAILLOCALPART%', '', 0),
  (930, 190, 'pop3', 'vmail.mail.plala.or.jp', 110, 'plain', '%EMAILLOCALPART%', '', 0),
  (931, 190, 'smtp', 'vmail.mail.plala.or.jp', 587, 'plain', '%EMAILLOCALPART%', '', 0),
  (932, 191, 'pop3', 'vp.tiki.ne.jp', 110, 'plain', '%EMAILLOCALPART%', '', 0),
  (933, 191, 'smtp', 'vs.tiki.ne.jp', 587, 'plain', '%EMAILADDRESS%', '', 0),
  (934, 192, 'pop3', 'waltz.mail.plala.or.jp', 110, 'plain', '%EMAILLOCALPART%', '', 0),
  (935, 192, 'smtp', 'waltz.mail.plala.or.jp', 587, 'plain', '%EMAILLOCALPART%', '', 0),
  (936, 193, 'pop3', 'wave.mail.plala.or.jp', 110, 'plain', '%EMAILLOCALPART%', '', 0),
  (937, 193, 'smtp', 'wave.mail.plala.or.jp', 587, 'plain', '%EMAILLOCALPART%', '', 0),
  (938, 194, 'imap', 'imap.web.de', 993, 'SSL', '%EMAILLOCALPART%', '', 0),
  (939, 194, 'imap', 'imap.web.de', 143, 'STARTTLS', '%EMAILLOCALPART%', '', 0),
  (940, 194, 'pop3', 'pop3.web.de', 995, 'SSL', '%EMAILLOCALPART%', '', 0),
  (941, 194, 'pop3', 'pop3.web.de', 110, 'STARTTLS', '%EMAILLOCALPART%', '', 0),
  (942, 194, 'smtp', 'smtp.web.de', 587, 'STARTTLS', '%EMAILLOCALPART%', '', 0),
  (943, 195, 'pop3', 'white.mail.plala.or.jp', 110, 'plain', '%EMAILLOCALPART%', '', 0),
  (944, 195, 'smtp', 'white.mail.plala.or.jp', 587, 'plain', '%EMAILLOCALPART%', '', 0),
  (945, 196, 'pop3', 'pop.secureserver.net', 995, 'SSL', '%EMAILADDRESS%', 'password-cleartext', 0),
  (946, 196, 'imap', 'imap.secureserver.net', 993, 'SSL', '%EMAILADDRESS%', 'password-cleartext', 0),
  (947, 196, 'smtp', 'smtpout.secureserver.net', 465, 'SSL', '%EMAILADDRESS%', 'password-cleartext', 0),
  (948, 197, 'pop3', 'wine.mail.plala.or.jp', 110, 'plain', '%EMAILLOCALPART%', '', 0),
  (949, 197, 'smtp', 'wine.mail.plala.or.jp', 587, 'plain', '%EMAILLOCALPART%', '', 0),
  (950, 198, 'pop3', 'wmail.mail.plala.or.jp', 110, 'plain', '%EMAILLOCALPART%', '', 0),
  (951, 198, 'smtp', 'wmail.mail.plala.or.jp', 587, 'plain', '%EMAILLOCALPART%', '', 0),
  (952, 199, 'pop3', 'pop3.wp.pl', 995, 'SSL', '%EMAILLOCALPART%', '', 0),
  (953, 199, 'smtp', 'smtp.wp.pl', 587, 'STARTTLS', '%EMAILLOCALPART%', '', 0),
  (954, 200, 'pop3', 'xmail.mail.plala.or.jp', 110, 'plain', '%EMAILLOCALPART%', '', 0),
  (955, 200, 'smtp', 'xmail.mail.plala.or.jp', 587, 'plain', '%EMAILLOCALPART%', '', 0),
  (956, 201, 'pop3', 'xp.wind.jp', 110, 'plain', '%EMAILLOCALPART%', '', 0),
  (957, 201, 'smtp', 'xp.wind.jp', 587, 'plain', '%EMAILLOCALPART%', '', 0),
  (958, 202, 'pop3', 'xpost.mail.plala.or.jp', 110, 'plain', '%EMAILLOCALPART%', '', 0),
  (959, 202, 'smtp', 'xpost.mail.plala.or.jp', 587, 'plain', '%EMAILLOCALPART%', '', 0),
  (960, 203, 'pop3', 'pops.xs4all.nl', 995, 'SSL', '%EMAILLOCALPART%', '', 0),
  (961, 203, 'smtp', 'smtps.xs4all.nl', 465, 'SSL', '%EMAILLOCALPART%', '', 0),
  (962, 204, 'pop3', 'pop3.xtra.co.nz', 995, 'SSL', '%EMAILLOCALPART%', '', 0),
  (963, 204, 'smtp', 'send.xtra.co.nz', 465, 'SSL', '%EMAILLOCALPART%', '', 0),
  (964, 205, 'pop3', 'pop.mail.yahoo.co.jp', 995, 'SSL', '%EMAILLOCALPART%', '', 0),
  (965, 205, 'smtp', 'smtp.mail.yahoo.co.jp', 465, 'SSL', '%EMAILLOCALPART%', '', 0),
  (966, 206, 'pop3', 'pop.mail.yahoo.com', 995, 'SSL', '%EMAILADDRESS%', '', 0),
  (967, 206, 'imap', 'imap.mail.yahoo.com', 993, 'SSL', '%EMAILADDRESS%', '', 0),
  (968, 206, 'smtp', 'smtp.mail.yahoo.com', 465, 'SSL', '%EMAILADDRESS%', '', 0),
  (969, 207, 'imap', 'imap.yandex.ru', 993, 'SSL', '%EMAILADDRESS%', '', 0),
  (970, 207, 'pop3', 'pop.yandex.ru', 995, 'SSL', '%EMAILADDRESS%', '', 0),
  (971, 207, 'smtp', 'smtp.yandex.ru', 465, 'SSL', '%EMAILADDRESS%', '', 0),
  (972, 208, 'pop3', 'ybbpop.mail.yahoo.co.jp', 995, 'SSL', '%EMAILLOCALPART%', '', 0),
  (973, 208, 'smtp', 'ybbsmtp.mail.yahoo.co.jp', 465, 'SSL', '%EMAILLOCALPART%', '', 0),
  (974, 209, 'pop3', 'yellow.mail.plala.or.jp', 110, 'plain', '%EMAILLOCALPART%', '', 0),
  (975, 209, 'smtp', 'yellow.mail.plala.or.jp', 587, 'plain', '%EMAILLOCALPART%', '', 0),
  (976, 210, 'pop3', 'ymail.mail.plala.or.jp', 110, 'plain', '%EMAILLOCALPART%', '', 0),
  (977, 210, 'smtp', 'ymail.mail.plala.or.jp', 587, 'plain', '%EMAILLOCALPART%', '', 0),
  (978, 211, 'pop3', 'ypost.mail.plala.or.jp', 110, 'plain', '%EMAILLOCALPART%', '', 0),
  (979, 211, 'smtp', 'ypost.mail.plala.or.jp', 587, 'plain', '%EMAILLOCALPART%', '', 0),
  (980, 212, 'pop3', 'pop.ziggo.nl', 110, 'plain', '%EMAILADDRESS%', '', 0),
  (981, 212, 'smtp', 'smtp.ziggo.nl', 587, 'STARTTLS', '%EMAILADDRESS%', '', 0),
  (982, 213, 'pop3', 'zmail.mail.plala.or.jp', 110, 'plain', '%EMAILLOCALPART%', '', 0),
  (983, 213, 'smtp', 'zmail.mail.plala.or.jp', 587, 'plain', '%EMAILLOCALPART%', '', 0),
  (984, 214, 'pop3', 'zpost.mail.plala.or.jp', 110, 'plain', '%EMAILLOCALPART%', '', 0),
  (985, 214, 'smtp', 'zpost.mail.plala.or.jp', 587, 'plain', '%EMAILLOCALPART%', '', 0),
  (988, 218, 'pop3', 'mail.ilearney.com', 110, 'plain', '%EMAILADDRESS%', '', 0),
  (989, 218, 'smtp', 'mail.ilearney.com', 25, 'plain', '', 'none', 0),
  (990, 219, 'pop3', 'pop3s.aruba.it', 995, 'SSL', '%EMAILADDRESS%', 'password-cleartext', 0),
  (991, 219, 'imap', 'imaps.aruba.it', 993, 'SSL', '%EMAILADDRESS%', 'password-cleartext', 0),
  (992, 219, 'smtp', 'smtps.aruba.it', 465, 'SSL', '%EMAILADDRESS%', 'password-cleartext', 0);

-- mail_mailbox_domain
INSERT IGNORE INTO `mail_mailbox_domain` (`id`, `id_provider`, `name`) VALUES
  (1203, 110, '1031.inord.dk'),
  (1204, 110, '123mail.dk'),
  (1205, 110, '12fuel.dk'),
  (1206, 110, '12mail.dk'),
  (1207, 110, '12move.dk'),
  (776, 1, '1and1.co.uk'),
  (774, 1, '1and1.com'),
  (764, 1, '1and1.de'),
  (777, 1, '1and1.es'),
  (775, 1, '1and1.fr'),
  (1012, 106, '2die4.com'),
  (1208, 110, '2senior.dk'),
  (1385, 144, '5ballov.ru'),
  (778, 2, 'abc.plala.or.jp'),
  (999, 106, 'accountant.com'),
  (1013, 106, 'activist.com'),
  (1014, 106, 'adexec.com'),
  (1386, 144, 'aeterna.ru'),
  (1015, 106, 'africamail.com'),
  (779, 3, 'agate.plala.or.jp'),
  (784, 7, 'aim.com'),
  (1016, 106, 'aircraftmail.com'),
  (1017, 106, 'alabama.usa.com'),
  (1018, 106, 'alaska.usa.com'),
  (780, 4, 'alice.it'),
  (1019, 106, 'allergist.com'),
  (1020, 106, 'alumni.com'),
  (1021, 106, 'alumnidirector.com'),
  (781, 5, 'amail.plala.or.jp'),
  (782, 6, 'amber.plala.or.jp'),
  (1022, 106, 'americamail.com'),
  (801, 12, 'ameritech.net'),
  (827, 25, 'amethyst.broba.cc'),
  (1339, 126, 'amorki.pl'),
  (1023, 106, 'amorous.com'),
  (1209, 110, 'anarki.dk'),
  (1210, 110, 'anderledes.dk'),
  (1024, 106, 'angelic.com'),
  (783, 7, 'aol.com'),
  (786, 8, 'apost.plala.or.jp'),
  (787, 9, 'aqua.plala.or.jp'),
  (1025, 106, 'archaeologist.com'),
  (788, 10, 'arcor.de'),
  (1026, 106, 'arizona.usa.com'),
  (1027, 106, 'artlover.com'),
  (790, 11, 'arubapec.it'),
  (1028, 106, 'asia-mail.com'),
  (1029, 106, 'atheist.com'),
  (794, 12, 'att.net'),
  (1030, 106, 'australiamail.com'),
  (1337, 126, 'autograf.pl'),
  (1395, 146, 'autorambler.ru'),
  (807, 13, 'ballade.plala.or.jp'),
  (1031, 106, 'bartender.net'),
  (812, 14, 'bay.gunmanet.ne.jp'),
  (811, 14, 'bay.gunmanet.or.jp'),
  (810, 14, 'bay.wind.co.jp'),
  (809, 14, 'bay.wind.jp'),
  (808, 14, 'bay.wind.ne.jp'),
  (813, 15, 'bb-niigata.jp'),
  (868, 48, 'bc.iij4u.or.jp'),
  (1211, 110, 'begavet.dk'),
  (814, 16, 'beige.plala.or.jp'),
  (795, 12, 'bellsouth.net'),
  (1032, 106, 'berlin.com'),
  (1033, 106, 'bigger.com'),
  (815, 17, 'biglobe.ne.jp'),
  (816, 18, 'bigpond.com'),
  (819, 18, 'bigpond.net'),
  (817, 18, 'bigpond.net.au'),
  (1034, 106, 'bikerider.com'),
  (1035, 106, 'birdlover.com'),
  (1212, 110, 'bitnisse.dk'),
  (869, 48, 'bk.iij4u.or.jp'),
  (1190, 109, 'bk.ru'),
  (1036, 106, 'blader.com'),
  (989, 102, 'blu.it'),
  (820, 19, 'blue.plala.or.jp'),
  (821, 20, 'bluemail.ch'),
  (822, 21, 'bluewin.ch'),
  (823, 22, 'bmail.plala.or.jp'),
  (1037, 106, 'boardermail.com'),
  (824, 23, 'bolero.plala.or.jp'),
  (870, 48, 'bp.iij4u.or.jp'),
  (825, 24, 'bpost.plala.or.jp'),
  (1038, 106, 'brazilmail.com'),
  (1039, 106, 'brew-master.com'),
  (830, 26, 'brown.plala.or.jp'),
  (871, 48, 'bu.iij4u.or.jp'),
  (1338, 126, 'buziaczek.pl'),
  (1040, 106, 'california.usa.com'),
  (1041, 106, 'californiamail.com'),
  (831, 27, 'camel.plala.or.jp'),
  (832, 28, 'cameo.plala.or.jp'),
  (1042, 106, 'caress.com'),
  (1500, 212, 'casema.nl'),
  (1043, 106, 'catlover.com'),
  (833, 29, 'cc9.ne.jp'),
  (834, 30, 'cek.ne.jp'),
  (835, 31, 'cgl.ucsf.edu'),
  (837, 32, 'charter.com'),
  (836, 32, 'charter.net'),
  (1003, 106, 'cheerful.com'),
  (1044, 106, 'chef.net'),
  (1446, 185, 'chello.nl'),
  (1045, 106, 'chemist.com'),
  (1046, 106, 'chinamail.com'),
  (1213, 110, 'city.dk'),
  (1047, 106, 'clerk.com'),
  (1048, 106, 'cliffhanger.com'),
  (838, 33, 'clio.ne.jp'),
  (839, 34, 'cmail.plala.or.jp'),
  (1454, 187, 'cneweb.de'),
  (841, 35, 'co1.wind.jp'),
  (840, 35, 'co1.wind.ne.jp'),
  (843, 36, 'co2.wind.jp'),
  (842, 36, 'co2.wind.ne.jp'),
  (845, 37, 'co3.wind.jp'),
  (844, 37, 'co3.wind.ne.jp'),
  (846, 38, 'cocoa.plala.or.jp'),
  (847, 39, 'coda.plala.or.jp'),
  (1049, 106, 'collector.org'),
  (1050, 106, 'columnist.com'),
  (848, 40, 'comcast.net'),
  (1051, 106, 'comic.com'),
  (1052, 106, 'computer4u.com'),
  (849, 41, 'concerto.plala.or.jp'),
  (1000, 106, 'consultant.com'),
  (1053, 106, 'contractor.net'),
  (1214, 110, 'cool.dk'),
  (1054, 106, 'coolsite.net'),
  (828, 25, 'coral.broba.ccv'),
  (850, 42, 'coral.plala.or.jp'),
  (1055, 106, 'counsellor.com'),
  (1056, 106, 'count.com'),
  (1057, 106, 'couple.com'),
  (851, 43, 'courante.plala.or.jp'),
  (852, 44, 'cpost.plala.or.jp'),
  (853, 45, 'cream.plala.or.jp'),
  (1058, 106, 'cutey.com'),
  (1061, 106, 'cyber-wizard.com'),
  (1059, 106, 'cyberdude.com'),
  (1215, 110, 'cyberdude.dk'),
  (1060, 106, 'cybergal.com'),
  (1216, 110, 'cyberjunkie.dk'),
  (1062, 106, 'dallasmail.com'),
  (858, 46, 'dan.gunmanet.ne.jp'),
  (857, 46, 'dan.gunmanet.or.jp'),
  (856, 46, 'dan.wind.co.jp'),
  (855, 46, 'dan.wind.jp'),
  (854, 46, 'dan.wind.ne.jp'),
  (859, 47, 'dance.plala.or.jp'),
  (1063, 106, 'dbzmail.com'),
  (860, 48, 'dd.iij4u.or.jp'),
  (1064, 106, 'deliveryman.com'),
  (829, 25, 'diamond.broba.cc'),
  (1517, 226, 'digiterra.pro'),
  (1065, 106, 'diplomats.com'),
  (1066, 106, 'disciples.com'),
  (1218, 110, 'dk-online.dk'),
  (1217, 110, 'dk2net.dk'),
  (873, 50, 'dmail.plala.or.jp'),
  (1067, 106, 'doctor.com'),
  (1068, 106, 'doglover.com'),
  (1069, 106, 'doramail.com'),
  (1001, 106, 'dr.com'),
  (1070, 106, 'dublin.com'),
  (953, 77, 'e23.jp'),
  (1071, 106, 'earthling.net'),
  (874, 51, 'earthlink.net'),
  (877, 52, 'ebony.plala.or.jp'),
  (1219, 110, 'elinstallatoer.dk'),
  (1220, 110, 'elsker.dk'),
  (1221, 110, 'elvis.dk'),
  (1072, 106, 'elvisfan.com'),
  (996, 106, 'email.com'),
  (1410, 158, 'email.cz'),
  (1194, 110, 'email.dk'),
  (878, 53, 'email.it'),
  (879, 54, 'email.plala.or.jp'),
  (1002, 106, 'engineer.com'),
  (1073, 106, 'englandmail.com'),
  (1006, 106, 'europe.com'),
  (1074, 106, 'europemail.com'),
  (880, 55, 'ewetel.de'),
  (881, 55, 'ewetel.net'),
  (1514, 223, 'example.com'),
  (1075, 106, 'execs.com'),
  (1222, 110, 'fald.dk'),
  (1076, 106, 'fan.com'),
  (882, 56, 'fantasy.plala.or.jp'),
  (1223, 110, 'fedt.dk'),
  (1077, 106, 'feelings.com'),
  (1224, 110, 'feminin.dk'),
  (861, 48, 'ff.iij4u.or.jp'),
  (1200, 110, 'film.dk'),
  (1078, 106, 'financier.com'),
  (1079, 106, 'fireman.net'),
  (883, 57, 'flamenco.plala.or.jp'),
  (803, 12, 'flash.net'),
  (1080, 106, 'florida.usa.com'),
  (884, 58, 'fmail.plala.or.jp'),
  (1450, 187, 'foni.net'),
  (1081, 106, 'footballer.com'),
  (1225, 110, 'forening.dk'),
  (1390, 144, 'fotoplenka.ru'),
  (1509, 219, 'fpl-technology.com'),
  (887, 60, 'free.fr'),
  (888, 61, 'freenet.de'),
  (1369, 144, 'fromru.com'),
  (1370, 144, 'front.ru'),
  (889, 62, 'fuga.plala.or.jp'),
  (1226, 110, 'gadefejer.dk'),
  (890, 63, 'gandi.net'),
  (1082, 106, 'gardener.com'),
  (826, 25, 'garnet.broba.cc'),
  (1227, 110, 'gason.dk'),
  (1451, 187, 'gelsennet.de'),
  (1083, 106, 'geologist.com'),
  (1084, 106, 'germanymail.com'),
  (792, 11, 'gigapec.it'),
  (924, 69, 'gmail.com'),
  (1516, 225, 'gmail.comgmail.com'),
  (891, 64, 'gmail.plala.or.jp'),
  (916, 66, 'gmx.at'),
  (919, 66, 'gmx.biz'),
  (898, 65, 'gmx.ca'),
  (917, 66, 'gmx.ch'),
  (899, 65, 'gmx.cn'),
  (900, 65, 'gmx.co.in'),
  (895, 65, 'gmx.co.uk'),
  (892, 65, 'gmx.com'),
  (901, 65, 'gmx.com.br'),
  (902, 65, 'gmx.com.my'),
  (911, 65, 'gmx.com.tr'),
  (915, 66, 'gmx.de'),
  (896, 65, 'gmx.es'),
  (918, 66, 'gmx.eu'),
  (897, 65, 'gmx.fr'),
  (903, 65, 'gmx.hk'),
  (904, 65, 'gmx.ie'),
  (921, 66, 'gmx.info'),
  (912, 65, 'gmx.it'),
  (913, 65, 'gmx.li'),
  (914, 66, 'gmx.net'),
  (920, 66, 'gmx.org'),
  (905, 65, 'gmx.ph'),
  (906, 65, 'gmx.pt'),
  (907, 65, 'gmx.ru'),
  (908, 65, 'gmx.se'),
  (909, 65, 'gmx.sg'),
  (893, 65, 'gmx.tm'),
  (910, 65, 'gmx.tw'),
  (894, 65, 'gmx.us'),
  (922, 67, 'go.tvm.ne.jp'),
  (1327, 124, 'go2.pl'),
  (771, 1, 'go4more.de'),
  (923, 68, 'goo.jp'),
  (926, 69, 'google.com'),
  (925, 69, 'googlemail.com'),
  (1085, 106, 'graduate.org'),
  (928, 70, 'grape.plala.or.jp'),
  (1086, 106, 'graphic-designer.com'),
  (929, 71, 'gray.plala.or.jp'),
  (1228, 110, 'grin.dk'),
  (1229, 110, 'grov.dk'),
  (1087, 106, 'hackermail.com'),
  (1088, 106, 'hairdresser.net'),
  (930, 72, 'hal.ne.jp'),
  (931, 73, 'hana.or.jp'),
  (1230, 110, 'hardworking.dk'),
  (1231, 110, 'heaven.dk'),
  (1232, 110, 'hemmelig.dk'),
  (862, 48, 'hh.iij4u.or.jp'),
  (1089, 106, 'hilarious.com'),
  (1090, 106, 'hockeymail.com'),
  (1502, 212, 'home.nl'),
  (1091, 106, 'homemail.com'),
  (1092, 106, 'hot-shot.com'),
  (1371, 144, 'hotbox.ru'),
  (934, 74, 'hotmail.co.jp'),
  (933, 74, 'hotmail.co.uk'),
  (932, 74, 'hotmail.com'),
  (935, 74, 'hotmail.com.br'),
  (936, 74, 'hotmail.de'),
  (939, 74, 'hotmail.es'),
  (937, 74, 'hotmail.fr'),
  (938, 74, 'hotmail.it'),
  (1372, 144, 'hotmail.ru'),
  (1093, 106, 'hour.com'),
  (1233, 110, 'huleboer.dk'),
  (1094, 106, 'humanoid.net'),
  (948, 75, 'i.softbank.jp'),
  (949, 76, 'ic-net.or.jp'),
  (950, 77, 'iijmio-mail.jp'),
  (955, 78, 'iiyama-catv.ne.jp'),
  (1507, 218, 'ilearney.com'),
  (1095, 106, 'illinois.usa.com'),
  (1234, 110, 'image.dk'),
  (956, 79, 'imail.plala.or.jp'),
  (1010, 106, 'iname.com'),
  (1235, 110, 'inbound.dk'),
  (957, 80, 'inbox.lt'),
  (958, 81, 'inbox.lv'),
  (1188, 109, 'inbox.ru'),
  (1236, 110, 'indbakke.dk'),
  (959, 82, 'indigo.plala.or.jp'),
  (960, 83, 'inet-shibata.or.jp'),
  (1237, 110, 'infile.dk'),
  (1197, 110, 'info.dk'),
  (793, 11, 'ingpec.eu'),
  (1096, 106, 'innocent.com'),
  (1097, 106, 'inorbit.com'),
  (1098, 106, 'instruction.com'),
  (1099, 106, 'instructor.net'),
  (1100, 106, 'insurer.com'),
  (961, 84, 'internode.on.net'),
  (990, 102, 'inwind.it'),
  (1198, 110, 'io.dk'),
  (988, 102, 'iol.it'),
  (962, 85, 'ipax.at'),
  (1101, 106, 'irelandmail.com'),
  (872, 49, 'ispgateway.de'),
  (1199, 110, 'it.dk'),
  (1102, 106, 'italymail.com'),
  (963, 86, 'ivory.plala.or.jp'),
  (964, 87, 'iwafune.ne.jp'),
  (876, 51, 'ix.netcom.com'),
  (965, 88, 'jade.plala.or.jp'),
  (966, 89, 'janis.or.jp'),
  (1103, 106, 'japan.com'),
  (927, 69, 'jazztel.es'),
  (967, 90, 'jet.ne.jp'),
  (968, 91, 'ji.jet.ne.jp'),
  (969, 92, 'jmail.plala.or.jp'),
  (1104, 106, 'journalist.com'),
  (1238, 110, 'jyde.dk'),
  (981, 96, 'k1.gunmanet.ne.jp'),
  (980, 96, 'k1.gunmanet.or.jp'),
  (979, 96, 'k1.wind.jp'),
  (978, 96, 'k1.wind.ne.jp'),
  (970, 93, 'kabelmail.de'),
  (971, 94, 'kelcom.net'),
  (1105, 106, 'keromail.com'),
  (972, 95, 'khaki.plala.or.jp'),
  (1106, 106, 'kittymail.com'),
  (863, 48, 'kk.iij4u.or.jp'),
  (977, 96, 'kl.gunmanet.ne.jp'),
  (976, 96, 'kl.gunmanet.or.jp'),
  (975, 96, 'kl.wind.co.jp'),
  (974, 96, 'kl.wind.jp'),
  (973, 96, 'kl.wind.ne.jp'),
  (1239, 110, 'klog.dk'),
  (1512, 221, 'km.ru'),
  (982, 97, 'kmail.plala.or.jp'),
  (1240, 110, 'knus.dk'),
  (983, 98, 'kokuyou.ne.jp'),
  (1107, 106, 'koreamail.com'),
  (1373, 144, 'krovatka.su'),
  (1241, 110, 'krudt.dk'),
  (1242, 110, 'kulturel.dk'),
  (772, 1, 'kundenserver.de'),
  (1374, 144, 'land.ru'),
  (984, 99, 'lapis.plala.or.jp'),
  (985, 100, 'laposte.net'),
  (1243, 110, 'larsen.dk'),
  (1108, 106, 'lawyer.com'),
  (1244, 110, 'lazy.dk'),
  (1109, 106, 'legislator.com'),
  (986, 101, 'lemon.plala.or.jp'),
  (1393, 146, 'lenta.ru'),
  (987, 102, 'libero.it'),
  (991, 103, 'lilac.plala.or.jp'),
  (992, 104, 'lime.plala.or.jp'),
  (1005, 106, 'linuxmail.org'),
  (1189, 109, 'list.ru'),
  (942, 74, 'live.co.jp'),
  (941, 74, 'live.co.uk'),
  (940, 74, 'live.com'),
  (943, 74, 'live.de'),
  (944, 74, 'live.fr'),
  (945, 74, 'live.it'),
  (946, 74, 'live.jp'),
  (1508, 74, 'live.ru'),
  (1007, 106, 'london.com'),
  (1110, 106, 'loveable.com'),
  (1111, 106, 'lovecat.com'),
  (1245, 110, 'lystig.dk'),
  (1321, 119, 'ma100.tiki.ne.jp'),
  (1283, 113, 'mac.com'),
  (1112, 106, 'mad.scientist.com'),
  (1113, 106, 'madonnafan.com'),
  (1114, 106, 'madrid.com'),
  (993, 105, 'mahoroba.ne.jp'),
  (994, 106, 'mail.com'),
  (1246, 110, 'mail.dia.dk'),
  (1185, 107, 'mail.dk'),
  (1281, 111, 'mail.gunmanet.jp'),
  (1280, 111, 'mail.gunmanet.ne.jp'),
  (1279, 111, 'mail.gunmanet.or.jp'),
  (1186, 108, 'mail.iwafune.ne.jp'),
  (995, 106, 'mail.org'),
  (1187, 109, 'mail.ru'),
  (1191, 110, 'mail.telenor.dk'),
  (1278, 111, 'mail.wind.co.jp'),
  (1277, 111, 'mail.wind.jp'),
  (1276, 111, 'mail.wind.ne.jp'),
  (1375, 144, 'mail15.com'),
  (1376, 144, 'mail333.com'),
  (1115, 106, 'marchmail.com'),
  (1282, 112, 'maroon.plala.or.jp'),
  (1247, 110, 'maskulin.dk'),
  (1284, 113, 'me.com'),
  (1388, 144, 'memori.ru'),
  (1116, 106, 'mexicomail.com'),
  (1248, 110, 'min-postkasse.dk'),
  (1117, 106, 'mindless.com'),
  (875, 51, 'mindspring.com'),
  (1118, 106, 'minister.com'),
  (1285, 114, 'minuet.plala.or.jp'),
  (952, 77, 'miobox.jp'),
  (951, 77, 'miomio.jp'),
  (1286, 115, 'ml.murakami.ne.jp'),
  (1360, 141, 'ml.shibata.ne.jp'),
  (1287, 116, 'mnet.ne.jp'),
  (1195, 110, 'mobil.dk'),
  (1119, 106, 'mobsters.com'),
  (1120, 106, 'monarchy.com'),
  (1288, 117, 'mopera.net'),
  (1121, 106, 'moscowmail.com'),
  (1289, 118, 'mozilla.com'),
  (1290, 118, 'mozillafoundation.org'),
  (947, 74, 'msn.com'),
  (1510, 220, 'mtmsystems.cz'),
  (1511, 220, 'mtmsystems.cz'),
  (1122, 106, 'munich.com'),
  (1123, 106, 'musician.org'),
  (1124, 106, 'muslim.com'),
  (1249, 110, 'musling.dk'),
  (1291, 119, 'mx1.tiki.ne.jp'),
  (1292, 119, 'mx2.et.tiki.ne.jp'),
  (1293, 119, 'mx2.tiki.ne.jp'),
  (1294, 119, 'mx2.wt.tiki.ne.jp'),
  (1306, 119, 'mx21.tiki.ne.jp'),
  (1307, 119, 'mx22.tiki.ne.jp'),
  (1295, 119, 'mx3.et.tiki.ne.jp'),
  (1296, 119, 'mx3.tiki.ne.jp'),
  (1308, 119, 'mx31.tiki.ne.jp'),
  (1309, 119, 'mx32.tiki.ne.jp'),
  (1310, 119, 'mx35.tiki.ne.jp'),
  (1311, 119, 'mx36.tiki.ne.jp'),
  (1297, 119, 'mx4.et.tiki.ne.jp'),
  (1298, 119, 'mx4.tiki.ne.jp'),
  (1312, 119, 'mx41.tiki.ne.jp'),
  (1299, 119, 'mx5.et.tiki.ne.jp'),
  (1300, 119, 'mx5.tiki.ne.jp'),
  (1313, 119, 'mx51.et.tiki.ne.jp'),
  (1314, 119, 'mx51.tiki.ne.jp'),
  (1315, 119, 'mx52.tiki.ne.jp'),
  (1301, 119, 'mx6.et.tiki.ne.jp'),
  (1302, 119, 'mx6.tiki.ne.jp'),
  (1316, 119, 'mx61.tiki.ne.jp'),
  (1303, 119, 'mx7.tiki.ne.jp'),
  (1317, 119, 'mx71.tiki.ne.jp'),
  (1304, 119, 'mx8.tiki.ne.jp'),
  (1318, 119, 'mx81.tiki.ne.jp'),
  (1319, 119, 'mx82.tiki.ne.jp'),
  (1305, 119, 'mx9.tiki.ne.jp'),
  (1320, 119, 'mx91.tiki.ne.jp'),
  (791, 11, 'mypec.eu'),
  (1394, 146, 'myrambler.ru'),
  (1009, 106, 'myself.com'),
  (1494, 207, 'narod.ru'),
  (1250, 110, 'natteliv.dk'),
  (1322, 120, 'navy.plala.or.jp'),
  (1323, 121, 'nctsoft.com'),
  (1251, 110, 'netbruger.dk'),
  (785, 7, 'netscape.net'),
  (1414, 159, 'neuf.fr'),
  (1377, 144, 'newmail.ru'),
  (1125, 106, 'newyork.usa.com'),
  (1324, 122, 'nifty.com'),
  (1378, 144, 'nightmail.ru'),
  (1379, 144, 'nm.ru'),
  (864, 48, 'nn.iij4u.or.jp'),
  (1325, 123, 'nsat.jp'),
  (1126, 106, 'null.net'),
  (800, 12, 'nvbell.net'),
  (1127, 106, 'nycmail.com'),
  (1326, 124, 'o2.pl'),
  (1128, 106, 'oath.com'),
  (1330, 125, 'olive.plala.or.jp'),
  (1332, 126, 'onet.eu'),
  (1331, 126, 'onet.pl'),
  (765, 1, 'online.de'),
  (766, 1, 'onlinehome.de'),
  (1335, 126, 'op.pl'),
  (1341, 127, 'opal.plala.or.jp'),
  (1129, 106, 'optician.com'),
  (886, 59, 'orange.fr'),
  (1342, 128, 'orange.plala.or.jp'),
  (1343, 129, 'orchid.plala.or.jp'),
  (1506, 74, 'outlook.com'),
  (1344, 130, 'ovh.net'),
  (798, 12, 'pacbell.net'),
  (1130, 106, 'pacificwest.com'),
  (1345, 131, 'pal.kijimadaira.jp'),
  (1346, 132, 'palette.plala.or.jp'),
  (1347, 133, 'parabox.or.jp'),
  (1348, 134, 'pdx.edu'),
  (1349, 135, 'peach.plala.or.jp'),
  (789, 11, 'pec.it'),
  (1252, 110, 'pedal.dk'),
  (1253, 110, 'pengemand.dk'),
  (1350, 136, 'peoplepc.com'),
  (1131, 106, 'petlover.com'),
  (1513, 222, 'photoalain.de'),
  (1389, 144, 'photofile.ru'),
  (1132, 106, 'photographer.net'),
  (1380, 144, 'pisem.net'),
  (1133, 106, 'playful.com'),
  (1351, 137, 'plum.plala.or.jp'),
  (1352, 138, 'po.dcn.ne.jp'),
  (1357, 139, 'po.gunmanet.ne.jp'),
  (1356, 139, 'po.gunmanet.or.jp'),
  (1355, 139, 'po.wind.co.jp'),
  (1354, 139, 'po.wind.jp'),
  (1353, 139, 'po.wind.ne.jp'),
  (1368, 144, 'pochta.ru'),
  (1381, 144, 'pochtamt.ru'),
  (1334, 126, 'poczta.onet.eu'),
  (1333, 126, 'poczta.onet.pl'),
  (1134, 106, 'poetic.com'),
  (1254, 110, 'pokerface.dk'),
  (1135, 106, 'politician.com'),
  (1358, 140, 'polka.plala.or.jp'),
  (1359, 141, 'pop.shibata.ne.jp'),
  (1382, 144, 'pop3.ru'),
  (1136, 106, 'popstar.com'),
  (997, 106, 'post.com'),
  (1193, 110, 'post.cybercity.dk'),
  (1411, 158, 'post.cz'),
  (1255, 110, 'post.dia.dk'),
  (1362, 142, 'posteo.at'),
  (1363, 142, 'posteo.ch'),
  (1361, 142, 'posteo.de'),
  (1365, 142, 'posteo.eu'),
  (1364, 142, 'posteo.org'),
  (1256, 110, 'postman.dk'),
  (865, 48, 'pp.iij4u.or.jp'),
  (1137, 106, 'presidency.com'),
  (1138, 106, 'priest.com'),
  (1257, 110, 'privat.dia.dk'),
  (1196, 110, 'privatmail.dk'),
  (797, 12, 'prodigy.net'),
  (1139, 106, 'programmer.net'),
  (1329, 124, 'prokonto.pl'),
  (1140, 106, 'publicist.com'),
  (1366, 143, 'purple.plala.or.jp'),
  (1367, 144, 'qip.ru'),
  (1258, 110, 'quake.dk'),
  (1501, 212, 'quicknet.nl'),
  (1397, 146, 'r0.ru'),
  (1391, 145, 'rainbow.plala.or.jp'),
  (1392, 146, 'rambler.ru'),
  (1383, 144, 'rbcmail.ru'),
  (1259, 110, 'ready.dk'),
  (1141, 106, 'realtyagent.com'),
  (1142, 106, 'reborn.com'),
  (1398, 147, 'red.plala.or.jp'),
  (1143, 106, 'reggaefan.com'),
  (1144, 106, 'religious.com'),
  (1145, 106, 'repairman.com'),
  (1146, 106, 'representative.com'),
  (1340, 126, 'republika.pl'),
  (1147, 106, 'rescueteam.com'),
  (1148, 106, 'revenue.com'),
  (1399, 148, 'rmail.plala.or.jp'),
  (1396, 146, 'ro.ru'),
  (1486, 206, 'rocketmail.com'),
  (1149, 106, 'rocketship.com'),
  (1150, 106, 'rockfan.com'),
  (1151, 106, 'rome.com'),
  (1400, 149, 'rondo.plala.or.jp'),
  (1401, 150, 'rose.plala.or.jp'),
  (1402, 151, 'rouge.plala.or.jp'),
  (1152, 106, 'royal.net'),
  (1403, 152, 'rr.com'),
  (866, 48, 'rr.iij4u.or.jp'),
  (1404, 153, 'ruby.plala.or.jp'),
  (1455, 187, 'ruhrnet-online.de'),
  (1425, 168, 'rzone.de'),
  (1153, 106, 'saintly.com'),
  (1405, 154, 'sakunet.ne.jp'),
  (1154, 106, 'salesperson.net'),
  (1155, 106, 'sanfranmail.com'),
  (796, 12, 'sbcglobal.net'),
  (773, 1, 'schlund.de'),
  (1156, 106, 'scientist.com'),
  (1157, 106, 'scotlandmail.com'),
  (1406, 155, 'sea.plala.or.jp'),
  (1260, 110, 'secret.dk'),
  (1158, 106, 'secretary.net'),
  (1464, 196, 'secureserver.net'),
  (1159, 106, 'seductive.com'),
  (1407, 156, 'sepia.plala.or.jp'),
  (1408, 157, 'serenade.plala.or.jp'),
  (1409, 158, 'seznam.cz'),
  (1413, 159, 'sfr.fr'),
  (1415, 160, 'silk.plala.or.jp'),
  (1416, 161, 'silver.plala.or.jp'),
  (1160, 106, 'singapore.com'),
  (1417, 162, 'sky.plala.or.jp'),
  (1418, 163, 'skynet.be'),
  (1261, 110, 'sleepy.dk'),
  (1419, 164, 'smail.plala.or.jp'),
  (1384, 144, 'smtp.ru'),
  (1161, 106, 'snakebite.com'),
  (802, 12, 'snet.net'),
  (1420, 165, 'snow.plala.or.jp'),
  (1422, 166, 'so.wind.jp'),
  (1421, 166, 'so.wind.ne.jp'),
  (768, 1, 'sofort-start.de'),
  (770, 1, 'sofort-surf.de'),
  (767, 1, 'sofortstart.de'),
  (769, 1, 'sofortsurf.de'),
  (1423, 167, 'sonata.plala.or.jp'),
  (1162, 106, 'songwriter.net'),
  (1163, 106, 'soon.com'),
  (1164, 106, 'spainmail.com'),
  (1412, 158, 'spoluzaci.cz'),
  (1262, 110, 'sporty.dk'),
  (867, 48, 'ss.iij4u.or.jp'),
  (1424, 168, 'strato.de'),
  (1426, 169, 'studenti.univr.it'),
  (1427, 170, 'suite.plala.or.jp'),
  (1263, 110, 'superbruger.dk'),
  (799, 12, 'swbell.net'),
  (1428, 171, 'sympatico.ca'),
  (1429, 172, 'symphony.plala.or.jp'),
  (1430, 173, 't-online.de'),
  (1264, 110, 'talent.dk'),
  (1265, 110, 'tanke.dk'),
  (1431, 174, 'taupe.plala.or.jp'),
  (1266, 110, 'taxidriver.dk'),
  (1165, 106, 'teachers.org'),
  (1004, 106, 'techie.com'),
  (1166, 106, 'technologist.com'),
  (1267, 110, 'teens.dk'),
  (1268, 110, 'teknik.dk'),
  (1452, 187, 'telebel.de'),
  (1453, 187, 'telelev.de'),
  (818, 18, 'telstra.com'),
  (1432, 175, 'terra.es'),
  (1167, 106, 'texas.usa.com'),
  (1168, 106, 'thegame.com'),
  (1169, 106, 'therapist.net'),
  (1433, 176, 'tiki.ne.jp'),
  (1434, 177, 'tiscali.cz'),
  (1438, 178, 'tiscali.it'),
  (1269, 110, 'tjekket.dk'),
  (1328, 124, 'tlen.pl'),
  (1439, 179, 'tmail.plala.or.jp'),
  (1440, 180, 'toccata.plala.or.jp'),
  (1170, 106, 'toke.com'),
  (1171, 106, 'tokyo.com'),
  (1172, 106, 'toothfairy.com'),
  (1441, 181, 'topaz.plala.or.jp'),
  (1270, 110, 'traceroute.dk'),
  (1442, 182, 'trio.plala.or.jp'),
  (1271, 110, 'tv.dk'),
  (1173, 106, 'tvstar.com'),
  (1272, 110, 'ugenstilbud.dk'),
  (1443, 183, 'umail.plala.or.jp'),
  (1444, 184, 'umich.edu'),
  (1174, 106, 'umpire.com'),
  (1273, 110, 'ungdom.dk'),
  (1445, 185, 'upcmail.nl'),
  (998, 106, 'usa.com'),
  (1008, 106, 'uymail.com'),
  (1447, 186, 'verizon.net'),
  (1449, 187, 'versanet.de'),
  (1448, 187, 'versatel.de'),
  (1274, 110, 'video.dk'),
  (1456, 188, 'violet.plala.or.jp'),
  (1192, 110, 'vip.cybercity.dk'),
  (1275, 110, 'vittig.dk'),
  (1457, 189, 'vm.aikis.or.jp'),
  (1458, 190, 'vmail.plala.or.jp'),
  (1336, 126, 'vp.pl'),
  (1459, 191, 'vp.tiki.ne.jp'),
  (1175, 106, 'wallet.com'),
  (1460, 192, 'waltz.plala.or.jp'),
  (885, 59, 'wanadoo.fr'),
  (804, 12, 'wans.net'),
  (1461, 193, 'wave.plala.or.jp'),
  (1462, 194, 'web.de'),
  (1176, 106, 'webname.com'),
  (1177, 106, 'weirdness.com'),
  (1463, 195, 'white.plala.or.jp'),
  (1178, 106, 'who.net'),
  (1179, 106, 'whoever.com'),
  (1465, 197, 'wine.plala.or.jp'),
  (1180, 106, 'winning.com'),
  (1181, 106, 'witty.com'),
  (1466, 198, 'wmail.plala.or.jp'),
  (1435, 177, 'wo.cz'),
  (1202, 110, 'wol.dk'),
  (1182, 106, 'worker.com'),
  (1183, 106, 'workmail.com'),
  (1437, 177, 'worldmail.cz'),
  (1436, 177, 'worldonline.cz'),
  (1201, 110, 'worldonline.dk'),
  (1467, 199, 'wp.pl'),
  (1011, 106, 'writeme.com'),
  (954, 77, 'x-il.jp'),
  (1468, 200, 'xmail.plala.or.jp'),
  (1469, 201, 'xp.wind.jp'),
  (1470, 202, 'xpost.plala.or.jp'),
  (1471, 203, 'xs4all.nl'),
  (1472, 204, 'xtra.co.nz'),
  (1493, 207, 'ya.ru'),
  (1473, 205, 'yahoo.co.jp'),
  (1480, 206, 'yahoo.co.nz'),
  (1479, 206, 'yahoo.co.uk'),
  (1474, 206, 'yahoo.com'),
  (1482, 206, 'yahoo.com.ar'),
  (1481, 206, 'yahoo.com.au'),
  (1483, 206, 'yahoo.com.br'),
  (1484, 206, 'yahoo.com.mx'),
  (1475, 206, 'yahoo.de'),
  (1478, 206, 'yahoo.es'),
  (1477, 206, 'yahoo.fr'),
  (1476, 206, 'yahoo.it'),
  (1490, 207, 'yandex.by'),
  (1488, 207, 'yandex.com'),
  (1491, 207, 'yandex.kz'),
  (1489, 207, 'yandex.net'),
  (1487, 207, 'yandex.ru'),
  (1492, 207, 'yandex.ua'),
  (1495, 208, 'ybb.ne.jp'),
  (1496, 209, 'yellow.plala.or.jp'),
  (1485, 206, 'ymail.com'),
  (1497, 210, 'ymail.plala.or.jp'),
  (1184, 106, 'yours.com'),
  (1498, 211, 'ypost.plala.or.jp'),
  (1499, 212, 'ziggo.nl'),
  (1387, 144, 'ziza.ru'),
  (1503, 213, 'zmail.plala.or.jp'),
  (1504, 214, 'zpost.plala.or.jp');